ssn,name,age,gender,income,health_rating,nChildren,married,purchased
207-36-4873,Jane Haas,32,0,156391.75,2,1,0,1
470-45-6474,Arthur Oliver,94,1,161091.3,26,0,0,1
147-20-3352,Margaret Macdonald,80,0,98219.15,68,3,1,1
469-73-2620,Brittany Mays,43,0,99218.83,69,0,0,0
673-10-7196,Christopher House,58,0,155260.34,54,1,1,1
317-45-2639,Brian Mitchell,45,1,142543.85,80,2,0,0
261-53-9817,Sonia Baldwin,35,1,143122.12,13,1,0,1
752-65-7658,David Cole,56,1,137304.39,14,1,1,1
685-86-8007,Dr. Alexander Jackson DDS,41,0,135040.03,26,1,0,1
392-89-3580,Brenda Williamson,61,1,106491.55,31,0,0,1
094-80-0129,Victor Taylor,89,0,116708.33,40,3,1,1
603-47-5450,Deborah Smith,73,1,151875.85,55,3,0,1
284-99-5844,Adam Andrews,29,0,82349.37,17,1,0,1
200-47-2419,Jonathan Rodriguez,72,1,103170.14,33,2,1,1
613-56-9194,Clarence Rodriguez,76,1,139503.7,87,2,1,1
851-66-5445,Brandon Gray,100,1,82079.1,65,1,0,1
438-39-0650,Carl Guzman,49,1,152204.0,57,2,0,1
687-93-8524,Douglas Simmons,51,1,141545.23,69,1,0,0
615-97-7430,Stephen Armstrong,100,0,104129.44,74,1,0,1
066-95-7126,Alicia Weiss,91,0,181303.63,66,0,1,1
878-39-8658,Deborah Watts,88,0,198067.43,54,0,0,1
068-68-2202,Stacey Wood,57,0,87407.86,27,3,1,1
622-71-7996,Sarah Johnson,86,0,110464.08,87,0,1,0
140-36-0633,Jennifer Weaver,80,1,199290.85,40,3,0,1
007-05-6656,Lisa Campbell,92,0,103631.21,77,3,0,1
690-63-6565,Heather Diaz,53,0,110409.77,39,1,1,1
742-11-2733,Justin Coleman,24,1,117858.62,79,1,1,0
003-55-9640,Nicholas Vazquez,72,1,173543.64,57,3,1,1
427-86-5767,Mark Robertson,48,1,106557.99,22,0,0,1
514-06-2255,Amy French,85,1,157919.33,3,1,0,1
877-82-6480,Wanda Mason,97,1,102223.07,30,0,1,1
147-92-4991,Danielle Price,63,0,121922.28,64,0,1,1
607-59-3570,David Butler,65,1,192587.27,8,0,1,1
331-51-9229,Derek Moore,33,0,121717.3,1,1,1,1
420-48-1811,James Williams,34,1,150063.08,24,1,1,1
231-36-2359,Steven Kidd,33,1,193063.02,6,2,1,1
637-60-3270,Jennifer Carlson,42,1,102531.18,32,3,0,1
541-78-0387,Jeanette Green,36,1,147671.38,88,0,1,0
240-33-6385,Breanna Molina,78,0,171010.22,79,0,1,1
017-41-1297,Joseph Gilbert,74,0,141292.17,74,1,0,1
147-86-2026,Seth Garner,39,1,98263.79,72,2,0,0
465-43-9883,Danielle Lee,65,1,152141.65,67,2,0,1
480-75-4023,John Harris,26,1,129361.31,80,1,0,0
515-30-1200,Tyrone Burns,40,1,106750.96,56,1,0,0
659-19-2059,Mitchell Johnson,37,1,162113.88,3,1,0,1
440-29-6140,William Morgan,76,1,136186.5,77,2,0,1
288-51-3113,Kimberly Pierce,92,1,187845.81,67,0,1,1
108-73-2160,Jennifer Hood,46,1,152953.46,20,1,1,1
177-29-8205,William Owens,82,1,154914.27,58,1,0,1
487-72-5067,Debra Welch,51,1,171252.17,84,0,1,0
865-96-4064,Christopher Patterson,79,0,110174.58,56,2,0,1
550-28-7771,Morgan Watts,54,1,149364.75,18,1,1,1
584-68-9165,Dean Morgan,93,1,144897.82,42,2,1,1
866-98-1972,Jeremy Humphrey,73,0,111877.72,42,1,0,1
510-31-2355,Brooke Miller,56,1,174581.88,31,1,1,1
316-15-6486,Eric Diaz,58,0,81248.22,86,0,0,0
590-36-0244,David Wang,49,0,156360.15,66,3,0,1
760-23-5607,Crystal Jones,30,1,123070.65,64,3,1,0
773-92-6610,Dylan Tran,100,0,94479.09,8,2,1,1
245-21-6240,Daniel Clark,78,0,121497.29,39,3,1,1
242-63-2190,Joseph Torres,72,1,117757.37,84,3,1,0
386-40-1916,Brittany Dixon,50,0,97824.81,73,0,0,0
099-86-1255,Anna Cannon,98,1,82881.95,28,0,0,1
644-64-0952,Deborah Davis MD,36,0,115681.22,98,2,0,0
137-45-5284,Lucas Small,99,1,104443.87,19,0,1,1
113-61-3865,Samantha Lynn,28,1,112515.51,87,1,1,0
164-08-8821,David Montgomery,24,0,117923.38,32,1,0,0
641-78-7557,Stephanie Townsend,25,0,105345.87,14,2,0,1
306-35-1740,Anna Myers,53,1,98661.73,22,3,0,1
292-48-9667,Jeremiah Aguirre,74,1,161311.63,50,1,0,1
272-79-4105,Kristina Moore,21,0,132959.63,52,3,1,0
333-63-1717,Andrea Martin,81,1,160845.17,22,3,1,1
511-03-3982,Jacqueline Mcfarland,55,0,131609.62,5,3,0,1
101-45-2079,Olivia Sparks,24,0,112131.91,64,3,0,0
602-79-5223,Thomas Mills,75,0,93417.94,8,2,1,1
221-50-5510,Stephen Dean,46,1,178705.94,68,2,1,1
231-20-1760,Stephen Salinas,79,0,158711.24,54,3,0,1
010-32-5559,Katherine Jones,91,0,195315.06,36,3,0,1
763-39-1959,Jeffrey Nicholson Jr.,89,0,143406.94,57,0,1,1
814-04-7689,Eric Lynn,63,1,127543.35,25,0,0,1
186-15-1711,Michael Wood,59,0,119811.68,82,0,0,0
308-47-8421,Chad Davis,78,0,173902.22,42,1,0,1
623-13-5834,Anthony Lyons,46,1,109559.13,30,0,1,1
328-28-0849,Jacqueline Bauer,42,1,132114.45,89,3,1,0
654-29-5241,Jennifer Wall,52,1,110513.97,2,2,1,1
185-83-0977,Tammy Cross,37,1,80992.59,29,1,1,0
413-19-8878,Erin Li,47,0,100712.16,43,1,1,1
394-43-0823,Rodney Hoffman,58,1,119488.84,30,1,0,1
283-23-9041,Dave Conner,76,1,162575.58,41,1,0,1
043-47-3542,Susan Huynh,94,1,144061.21,77,0,1,1
515-52-9242,Brittany Thomas,33,0,94476.56,27,3,1,1
035-47-8531,Sonya Barker,60,0,156310.82,58,3,0,1
765-76-9737,George Chapman,39,0,102201.94,21,2,1,1
541-95-8964,Laura Jordan DDS,88,1,94855.46,3,3,0,1
133-69-3092,Abigail Mason,100,0,128622.09,30,3,0,1
656-20-4616,Sarah Murphy,72,0,170585.77,40,2,1,1
257-78-2163,Albert Williams,78,1,148213.45,65,3,0,1
778-69-7133,Pamela Newman,50,1,148468.54,49,0,0,1
370-11-9044,Daniel Brown,34,1,180893.23,81,2,1,0
500-42-3818,Jordan Gonzalez,79,1,119973.34,94,0,1,0
288-56-4553,Michael Boone,48,1,154306.33,18,0,1,1
308-08-9963,Barbara Crawford,55,0,165639.17,68,2,0,1
655-75-6172,Joseph Espinoza,37,1,92937.71,63,0,1,0
769-76-9635,Lori Rodriguez,63,1,166878.53,13,0,1,1
021-20-7249,Rebecca Molina,63,1,113873.83,6,0,1,1
343-58-4237,Anthony Mcdonald,100,1,195226.77,42,3,0,1
247-95-4618,Mrs. Sara Sampson,81,1,136871.36,15,0,1,1
218-22-5506,Michelle Rose,28,0,87263.34,10,3,1,1
079-68-4994,Kayla Andersen,50,0,96323.22,65,0,0,0
118-87-3624,James Kelly,55,0,125274.96,39,0,0,1
776-47-7957,Heather Newman,50,1,188291.28,85,1,1,1
820-13-3404,Jenna Sanchez,91,0,97508.81,40,1,1,1
557-03-4104,Nicholas Blackwell,20,1,116490.16,48,0,1,0
872-89-4780,Krista Romero,66,0,151731.74,97,3,1,0
785-06-4605,Jeffrey Sweeney,39,1,199081.72,11,2,1,1
396-59-6692,Sarah Gill,71,1,105272.24,86,1,0,0
197-07-2291,Amanda Evans,55,0,194317.77,36,2,1,1
411-87-9693,Jennifer Lopez,100,1,175315.19,72,2,1,1
880-92-1991,Janet Rodriguez,64,1,115629.2,97,2,1,0
134-57-3803,Mr. Kevin Murray,29,1,104979.01,64,0,1,0
762-18-6873,Ashley Bell,46,0,163955.13,43,0,0,1
795-46-6417,Amanda Hopkins,29,1,94632.81,80,1,1,0
786-03-4943,Denise Barber,73,1,103703.58,93,3,0,0
315-67-8705,Ryan Frazier,78,1,195179.57,52,3,0,1
087-78-5338,Matthew Reeves,70,0,143370.84,58,1,1,1
097-04-8009,Brianna Chavez,87,1,126653.89,30,3,0,1
377-45-8363,Mrs. Christine Watson MD,63,1,191476.95,40,0,0,1
067-46-9075,Dawn Cooley,71,1,101387.15,66,2,1,0
357-04-9842,Corey Williams,60,0,173372.13,100,1,0,0
806-21-5992,Sydney Adams,21,1,160656.06,54,0,1,0
172-60-5443,Nicholas White,72,1,100256.91,20,2,0,1
025-95-8635,Bryan Lee,32,0,104304.79,4,1,0,1
606-19-6210,Sarah Benson,89,1,92326.22,56,1,0,1
812-14-3631,Charles Elliott,73,0,181210.08,20,0,1,1
623-75-4668,Anita Cohen,96,1,81996.0,56,2,0,1
551-98-6887,Kari Gonzalez,97,0,188751.82,8,2,1,1
551-65-3672,Courtney Peterson,88,1,87998.54,94,1,1,0
322-38-7180,Alexis Bryant,34,0,192514.9,6,2,0,1
867-94-3639,George Bryant,87,0,104067.27,1,3,1,1
338-69-5130,Karen Richardson,57,1,182758.41,16,1,1,1
240-67-3947,Tina Barry,53,1,81866.16,6,2,0,1
778-84-6237,Kelly Humphrey,43,1,176552.26,19,2,0,1
265-18-1893,Peggy Hess,65,1,153696.48,82,3,0,1
328-02-9130,Angel White,68,1,137704.37,82,1,0,1
339-33-2992,Justin Martinez,73,0,154514.27,62,2,0,1
613-97-2739,Rebecca Diaz,63,0,108845.08,73,0,0,0
186-63-7006,Tiffany Parks,38,1,139844.75,99,0,0,0
176-27-1089,James Mcfarland,99,0,92805.93,69,2,1,1
013-85-2824,Natasha Martinez,66,1,115451.87,34,2,1,1
460-39-2169,Michael Chapman,25,0,130101.85,31,1,1,0
866-53-6547,Michael Mcgrath,99,1,177265.89,93,1,1,1
432-70-6585,Lori White,68,1,161323.07,1,0,0,1
002-12-6419,Kristina Gilbert,28,1,150849.04,97,3,1,0
567-97-1248,Kendra Villegas,86,0,82455.76,88,3,1,0
628-94-7900,Cody Scott,23,0,185337.5,42,1,0,0
757-98-5491,Abigail Walters,53,0,95905.16,26,2,0,1
304-56-5528,Alisha Carter,37,1,140238.72,28,3,0,1
185-06-7821,Michelle Cooley,60,1,170628.28,62,1,0,1
440-23-5362,Richard Willis,42,1,148891.86,77,0,0,0
249-83-5436,Sarah Montoya,24,1,154160.9,73,2,1,0
124-33-4562,Sarah Freeman,37,0,151670.73,98,0,0,0
750-01-7014,John Carey,52,1,188923.82,40,0,1,1
746-17-8838,Rachel Rhodes,77,0,184013.73,88,2,0,1
400-08-2453,Elizabeth Brown,78,0,168253.92,72,1,1,1
635-97-8167,Denise Brock,44,1,127946.24,41,2,1,1
110-55-1404,Teresa Dougherty,22,1,175451.91,20,0,0,1
661-92-8902,Scott Johnson,38,0,135361.54,54,1,1,0
086-54-9494,Beverly Lucero,75,0,159896.51,73,3,1,1
703-36-8921,Marco Riley,46,0,119411.65,29,2,1,1
011-49-0264,Katelyn Steele,99,1,129532.55,52,1,0,1
626-36-1496,Carrie Page,22,1,176507.56,31,1,0,1
887-23-1458,Joe Galloway Jr.,92,1,132998.09,87,3,0,1
522-39-3438,Jade Norris,98,0,122895.83,40,3,0,1
551-82-1570,Kathryn Moody,33,0,189307.48,35,1,0,1
468-70-2629,Jacqueline Clark,83,0,170002.36,90,0,1,1
194-16-7651,Gary Obrien,83,0,107817.22,40,2,0,1
311-94-2959,Jose Smith,89,0,125090.28,33,0,1,1
107-66-0969,Morgan Griffith,34,0,102414.69,4,1,0,1
330-16-9983,Ronnie Gray,71,0,186197.07,50,2,0,1
668-07-8696,Maria Chandler,34,1,128667.5,28,0,0,1
764-88-9485,James Mills,24,1,135680.06,28,0,1,1
307-29-3963,Geoffrey Mccann,63,0,84064.46,8,0,1,1
696-79-0417,Olivia Hernandez,56,0,143454.94,46,0,1,1
813-33-2336,Crystal Russell,95,1,188213.54,15,1,1,1
800-35-8340,Katherine Melton,46,1,135630.69,63,1,0,0
432-50-4248,Christine Bruce,92,1,92000.42,45,0,1,1
631-62-1424,Rebecca Gonzalez,54,0,129056.27,25,1,1,1
732-66-1956,Dustin Atkins,48,1,184304.67,63,2,0,1
796-80-3640,Alexandria Sanchez,91,1,189440.77,4,2,1,1
456-28-9890,Gerald Gordon,94,0,192552.51,7,1,1,1
487-73-5671,Carolyn Morrison,60,0,157677.68,12,3,1,1
878-07-5199,Barbara Brooks,27,0,107697.75,95,2,0,0
657-68-9964,Jared Flores,45,0,124714.82,27,0,0,1
491-86-4331,George Pena,60,0,176206.29,30,0,1,1
498-59-0381,Rachel Guerrero MD,47,1,83612.5,23,0,1,1
500-79-1832,Dr. Jonathan Jordan,38,1,93465.11,71,1,1,0
209-37-2956,Michael Everett,79,0,130999.73,91,0,0,1
311-80-4113,Casey Duke,31,1,160899.7,96,2,0,0
145-61-0638,Gwendolyn Spencer,47,0,176145.3,12,3,1,1
057-85-9431,Paul Sawyer,41,0,148159.36,29,3,1,1
764-96-4736,Michael Nelson,24,0,78684.06,74,3,0,0
677-36-5313,Peter Murphy,30,0,71246.41,43,0,0,0
251-80-9280,Gary Chan,68,1,61732.33,41,2,1,1
178-29-9354,Donald Ross,70,0,48105.03,17,3,0,1
127-55-5086,Roy Curtis,42,0,48014.35,77,1,1,0
660-92-3047,Vincent Phillips,70,0,74888.87,20,2,1,1
012-07-4506,Toni Scott,65,1,52973.33,50,0,0,0
861-43-0758,Cheryl Mcconnell,90,1,48089.42,73,2,0,0
069-17-5062,Thomas Owen,86,1,40701.24,63,3,0,0
191-48-4748,Erica Jones,54,0,64266.8,44,0,0,1
049-05-3183,Barbara Watkins,62,0,55467.12,60,2,1,0
743-93-3798,Krista Boyer,81,0,57169.83,10,0,0,1
641-90-1788,Robert Garcia,59,1,69926.04,48,0,1,1
684-23-0529,Todd Valdez MD,38,0,55112.66,94,2,1,0
160-40-9899,Robert Rodriguez,29,1,41204.35,83,3,1,0
245-86-2928,Amy Ballard,27,1,71152.42,22,0,1,1
518-37-2382,Thomas Harris,96,1,76573.89,25,0,0,1
616-57-3898,Derek Armstrong,21,0,58933.38,65,2,1,0
461-49-3358,Jennifer Nunez,21,0,73590.83,60,2,1,0
665-15-0925,Nicholas Johnson,74,0,61419.27,37,3,0,1
766-45-1502,Jesse Green,58,0,61309.38,75,3,1,0
625-57-0632,Ryan Garcia,91,1,53340.11,14,0,1,1
393-73-9842,Ashley Mcgee,49,0,60321.37,52,1,0,0
159-88-3434,Kathryn Chen,61,0,76242.26,32,2,0,1
838-94-5897,Brett Hood,52,1,54923.58,91,1,0,0
632-47-6092,Jessica Ward,20,0,71273.41,51,3,1,0
312-18-6037,James Moore,22,0,51873.73,79,0,0,0
840-87-2343,Jeremy Johnson,88,0,60482.69,50,1,1,1
003-90-7726,Kevin James,64,1,44323.53,4,2,1,1
737-43-7832,Robert Heath,87,0,51048.04,58,2,1,1
070-08-1424,Angela Nielsen,39,1,59191.93,87,2,0,0
494-96-7595,Kimberly Nelson,33,0,42798.59,3,0,0,1
527-76-2574,Elizabeth Nunez,33,1,46037.56,9,0,0,1
113-82-7908,Elizabeth Schmidt,79,1,42370.49,96,3,0,0
869-44-1810,Monica Sandoval,83,1,69464.3,46,0,0,1
688-20-5761,Monica Andrade DDS,92,1,73995.73,36,0,1,1
003-91-7134,Colton Kelly,73,0,75334.93,66,1,1,1
095-25-5540,Ross Jones,100,0,78832.74,25,3,1,1
432-79-2981,John Snyder,20,1,59417.67,3,2,0,1
778-17-5843,Mr. Kevin Harrison MD,81,0,50677.0,85,2,1,0
455-60-7301,James James,27,0,47826.4,59,0,0,0
051-84-4872,Ryan Solis,84,0,60398.78,80,2,1,0
159-85-9619,Carlos Mcguire,46,0,57092.87,65,0,1,0
381-66-0393,Kiara George,72,1,71241.16,51,0,1,1
721-60-1536,Tommy Johnson,87,0,59905.37,76,0,1,0
070-97-5580,Joseph Schultz,79,0,42997.26,59,2,1,0
609-69-4857,Faith Wong,57,0,55690.94,72,0,0,0
214-36-0846,Oscar Mcgee,45,0,59616.41,76,3,0,0
050-90-7063,Larry Graham,58,0,65272.16,32,0,1,1
074-83-7012,Robert Kent,38,0,53757.86,76,0,0,0
492-56-0659,Nina Hampton,85,1,53796.93,9,2,1,1
301-26-7292,Joseph Hernandez,72,1,68194.96,30,0,1,1
785-06-2824,Justin Monroe,24,1,61963.1,99,0,1,0
443-40-2648,Jeffery Bishop,53,0,71319.92,26,3,0,1
234-99-8490,Linda Coleman,57,1,45819.01,58,0,0,0
106-73-6908,Kenneth Moore,24,0,65435.92,97,0,1,0
580-57-3466,Richard Castillo,23,0,42822.32,75,0,0,0
411-58-9377,David Campbell,85,0,54980.24,71,1,1,0
597-55-4381,Joshua Villegas,59,0,41036.06,85,1,1,0
723-67-2970,Christine Valdez,100,0,72031.23,30,0,1,1
565-22-3451,Sabrina Smith,43,0,56148.49,73,0,0,0
670-93-6031,Ryan Walter,53,0,78645.6,14,0,0,1
373-81-1296,Justin Williams,24,0,74199.54,45,3,1,0
815-83-1531,Shawn Peterson,49,1,55640.57,64,3,1,0
761-86-6792,Christian White,70,1,65912.19,38,3,1,1
194-61-4176,Samantha Summers,38,1,65066.29,15,1,1,1
390-25-2951,Elizabeth Martin,79,1,49755.33,76,2,0,0
416-23-3630,Andrew Williams,44,0,58644.48,93,3,1,0
008-23-3492,Anna Cunningham,96,1,49934.78,89,2,1,0
209-44-3011,Steven Park,74,1,59153.68,16,3,0,1
728-79-0952,Kevin Morris,43,0,44249.94,57,3,1,0
517-85-6991,Yolanda Johnson,74,1,64579.04,79,1,0,0
526-54-6704,Jose Anderson,76,1,51158.74,62,1,0,0
552-51-3692,Robert Bennett,61,1,72700.8,26,1,0,1
150-39-9900,Audrey Cuevas DVM,53,0,56649.57,49,3,1,0
469-36-5249,Brandon Bean,80,1,45629.98,28,2,1,1
659-17-5539,Linda Hinton,85,1,65985.52,92,1,0,0
485-01-2409,Michael Le,94,0,67738.43,83,2,1,1
367-37-2755,John Booth,70,0,50462.51,49,0,0,1
616-78-4422,Helen Garcia,95,0,43078.02,39,1,0,1
101-43-4515,Kimberly Knight,67,0,58351.51,84,2,1,0
798-42-3250,John Lewis,74,0,40736.09,83,2,1,0
424-68-0223,Robin Decker,79,0,47843.5,96,0,1,0
175-43-5754,Mariah Schneider,26,0,65005.05,32,0,0,0
581-25-5464,Natasha Coleman,50,1,48703.93,42,1,1,0
516-43-0271,Patricia Perry,76,1,48380.93,50,3,1,1
365-75-0666,Kaitlyn Chambers,94,1,69951.78,93,1,0,1
123-01-0228,Shawna Vaughn,71,1,67852.28,37,1,1,1
327-70-9696,Lori Howard,33,1,49562.85,51,1,0,0
681-05-9440,Anthony Barnes,40,1,45565.68,88,3,0,0
149-04-3981,Brandon Henry,58,0,73199.62,18,1,0,1
300-33-4110,Lisa Barton,54,0,71497.69,36,1,0,1
797-06-9889,Daniel Phillips,98,1,49411.16,50,3,1,1
819-05-6744,Mark Bradford,75,0,53783.58,86,1,1,0
283-98-2715,Joel Richards,46,0,55908.38,56,1,1,0
446-38-1279,Glenn Montgomery,74,0,63939.49,29,3,0,1
470-93-4835,Dr. Melissa Baker,43,0,45387.26,71,1,1,0
734-30-5900,Brett Anderson,54,0,47179.94,7,0,0,1
047-35-7969,Kimberly Lopez,64,1,58674.26,33,1,1,1
354-34-7280,Michael Edwards,26,1,73211.91,96,2,1,0
684-19-4369,William Hunt,100,1,67805.74,27,0,1,1
397-66-3922,Michael Horn,91,1,70530.69,18,3,0,1
615-70-8599,Kathryn Vazquez,27,0,70102.88,18,1,0,1
457-19-4523,Victor Roberts,54,0,55049.09,5,1,1,1
339-82-9132,Brian Johnson,51,0,46543.64,99,2,1,0
844-73-2813,Justin Sanchez,96,1,40887.33,49,0,1,1
335-48-4831,Robert Higgins,90,1,54209.63,96,2,0,0
585-24-0789,Sarah Martin,45,0,47243.77,100,2,0,0
372-53-4558,Ethan Hodge,99,1,72356.24,9,0,0,1
850-77-6446,Kelli Stone,72,0,52956.06,55,1,1,0
590-86-2625,James Miles,74,1,79850.95,36,2,0,1
575-10-5112,William Peterson,75,1,52902.15,89,3,1,0
692-44-2890,Nathan Gomez,28,0,67976.78,69,0,1,0
680-20-3731,Cheryl Fowler,47,0,57476.12,53,2,0,0
581-38-8593,Brittany Gilbert,60,1,68311.28,47,2,1,1
332-80-8564,Richard Combs,21,1,47163.06,79,0,1,0
188-26-1205,Jordan Ingram,65,1,77266.55,98,3,1,0
431-10-8711,Alicia Henderson,20,1,49840.36,32,3,0,0
413-44-5096,Zachary Mueller,95,1,64564.5,93,3,1,0
346-89-9071,Dr. Courtney Mills,85,1,59433.18,32,2,1,1
023-70-6088,Taylor Colon,98,0,41968.81,77,2,0,0
592-05-2233,Connie Evans,26,0,57703.41,68,1,1,0
547-85-0310,Teresa Byrd,97,0,53498.48,36,1,1,1
880-65-4430,Eric Ellis,63,0,50416.08,62,3,0,0
393-40-0924,Kristen Charles,69,0,41267.46,66,0,1,0
732-77-4644,Adam Rodriguez,55,1,62219.21,94,0,1,0
397-57-9300,Bradley Cervantes,83,1,59771.86,28,2,1,1
870-98-6819,Kayla Bullock,100,1,42021.07,82,1,0,0
661-29-1453,Kyle Lawrence,67,0,65537.9,72,0,0,0
398-42-9424,Susan Carlson,89,1,63377.54,43,0,1,1
314-07-9382,Frank Campbell,93,0,72903.67,35,1,0,1
813-56-0939,Elizabeth Glenn,44,1,79880.23,64,1,1,0
093-08-4794,Sarah Castro,86,0,60677.13,43,2,0,1
405-17-6786,Robin Thomas,97,1,70531.34,88,3,0,1
762-40-2102,Michael Sanders,62,0,63704.96,72,3,1,0
748-32-0037,Erin Hart,68,1,40568.68,15,0,0,1
148-01-3361,Megan Mosley,22,1,59595.73,27,2,1,0
402-94-4017,Katherine Bridges,94,0,64732.39,89,2,0,0
788-19-3895,Laura Morales,97,1,57510.38,12,0,0,1
128-01-1768,Mercedes Esparza,32,1,48049.87,56,2,0,0
854-61-3236,Gabrielle James,36,0,42449.33,83,1,0,0
582-27-8702,Robert Serrano,42,0,43900.14,34,1,1,0
251-72-1258,Ashley Lopez,39,0,55138.36,88,3,0,0
132-77-2274,Amanda Morgan,20,1,44315.04,82,2,0,0
267-16-5008,Barry Copeland,74,0,51379.55,48,0,1,1
308-79-1705,Jeffrey Jones,56,0,66762.65,80,2,0,0
841-41-3156,Robert Choi,74,0,73462.83,27,1,1,1
112-94-3401,Michelle Todd,23,0,75692.46,99,3,1,0
229-72-8849,Stephanie Alvarado,64,1,77749.74,27,3,0,1
847-90-3333,Michael Jarvis,53,0,51322.48,1,1,0,1
618-93-9393,Mark Perez,84,0,45333.34,17,2,0,1
476-30-1409,Christopher White,43,0,41287.98,16,3,0,1
724-26-9893,Joseph Lester,98,1,77055.01,94,0,1,1
404-02-5811,Laurie Pham,91,1,57014.94,85,1,1,0
564-07-4792,Michael Smith,95,0,61607.15,65,2,1,1
403-94-6970,Summer Beck,51,0,42415.55,20,2,0,1
121-36-4301,Patricia Jennings,67,1,69264.26,83,1,1,0
371-99-6983,Shannon Johnson,54,0,42116.77,14,3,1,1
305-60-8962,Matthew Villarreal,31,0,62534.7,92,2,0,0
548-12-4317,Jeffrey Nicholson,34,1,74340.72,82,3,0,0
690-17-8178,Dylan Cook,35,0,72825.55,2,2,0,1
021-66-3767,Ernest Sanchez,77,1,40855.89,23,1,1,1
636-17-1262,Rachel Warner,74,0,55754.48,98,1,0,0
235-28-5613,Samantha Schultz,35,1,63868.73,92,0,1,0
151-87-6203,Joseph Johnson,77,0,70602.57,57,2,1,1
257-86-4260,Lisa Davis,65,1,56851.97,10,1,1,1
736-06-9089,Courtney Ho,62,1,44409.24,65,2,1,0
078-61-3333,Janet Turner,97,0,76921.72,38,3,1,1
239-63-7086,Robert Bell,96,1,58905.56,11,1,0,1
357-26-8770,Anne Campbell,97,0,79090.35,9,0,1,1
897-45-7483,Bryan Nguyen,90,0,72039.42,17,1,0,1
789-85-4518,Jerry Perez,96,1,79867.36,46,2,0,1
517-23-4654,Andre Brown,65,1,79539.63,22,3,1,1
038-89-8059,Courtney Thomas,69,1,43920.92,79,0,1,0
730-98-9706,Nicholas Brown,49,0,54527.66,60,3,0,0
147-80-2131,Amanda Lopez,23,0,45988.26,2,2,0,1
596-12-6420,Paul Fernandez,21,0,69583.6,26,0,0,0
606-51-7081,Daniel Gardner,79,0,67318.77,30,2,0,1
674-31-2653,Steven Perez,63,1,53907.44,21,1,1,1
270-24-3199,Marissa Boyd,33,1,78681.85,7,2,0,1
065-58-7200,William Ross,55,0,68737.9,83,3,0,0
734-68-6049,Rebecca Poole,34,1,72393.8,58,2,0,0
893-08-7424,Carla Norman,41,1,79462.58,1,3,1,1
360-52-8853,Albert Goodman,99,0,64293.57,58,0,0,1
193-40-7420,Emma Sheppard,60,0,43302.21,41,2,1,0
120-96-8737,Amber Graham,26,0,46239.63,46,3,0,0
555-14-8870,Timothy Li,20,0,74750.91,96,1,1,0
672-33-6274,Luis Parsons,94,0,77743.34,77,3,0,1
445-17-5498,Jose Malone,41,1,59375.91,3,2,1,1
280-28-0496,David Cox,38,1,58877.99,34,0,1,0
737-37-6114,John Reed,29,1,40078.56,7,3,1,1
484-25-9179,Kari Powell,68,0,44145.85,65,2,1,0
096-24-4171,Brittany Preston,61,1,44463.43,83,1,1,0
815-84-3799,Cory Mcgrath,39,0,66384.1,43,3,0,0
682-74-5602,Rebecca Chavez,82,1,61080.14,28,1,1,1
235-62-6986,Rodney Perkins,92,1,42415.34,69,3,1,0
593-87-1152,Heather Welch,48,0,46207.93,20,0,1,1
180-05-1794,Kristen Pena,92,1,54297.13,22,2,1,1
180-10-6374,Jonathan Martin,29,0,66085.87,4,0,0,1
203-03-3885,Laurie Rodriguez,95,0,49588.84,65,1,0,1
256-84-8053,Savannah Davis,72,1,57969.2,85,3,1,0
724-18-1466,Danielle Reilly,100,1,69595.98,57,2,1,1
484-01-6694,Kelsey Martinez,61,0,58539.09,69,2,0,0
810-74-0285,Austin Dixon,71,1,65676.09,48,3,1,1
297-10-1352,Jessica Henderson PhD,94,0,75846.83,99,3,0,1
506-99-9437,Amanda Graham,55,0,43748.48,17,2,0,1
407-65-9861,John Gross,72,1,65443.48,15,1,1,1
689-56-2336,Philip Burke,52,0,41937.79,65,1,0,0
507-22-8177,Laura Mann,69,0,77082.26,70,2,0,1
426-95-7409,Tina Gay,27,1,65068.59,23,2,0,1
370-85-3201,Mario Garcia,79,1,59313.0,74,3,0,0
237-81-9580,Joshua Garcia,97,0,70283.15,28,0,1,1
827-30-1254,Michele Perez,41,0,44432.67,9,0,1,1
886-32-9524,Julia Lewis,25,1,73878.99,48,2,1,0
899-08-4369,Nicole Roy,80,0,59441.23,39,1,1,1
289-63-6291,Dean Rodriguez,46,0,40347.99,85,1,1,0
228-50-3732,Shane Morris,53,1,63414.89,100,2,0,0
498-94-4243,Kelly Brown,58,0,63105.01,87,0,0,0
072-23-5736,Wyatt Green,94,0,67497.92,59,1,0,1
153-81-0334,Jennifer Bender,68,0,49759.32,49,3,0,0
384-48-5504,Denise Lee,35,0,40953.56,36,1,0,0
894-74-9017,Megan Garcia,73,0,75775.2,28,2,1,1
345-06-2677,Gary Hill,26,0,49195.55,29,3,0,0
042-43-8141,Anna Nichols,45,1,77607.6,23,2,0,1
766-85-6786,Summer Nielsen MD,94,1,64221.82,97,1,1,0
728-49-7466,Kerri Cunningham,78,0,70987.77,20,1,0,1
296-53-2417,Karen Ho,25,0,50769.16,91,2,0,0
412-49-6387,Breanna Flores,88,1,74881.53,97,3,1,0
883-75-5708,Amy Robbins,27,0,43619.78,93,3,0,0
760-32-4023,Daniel Taylor,81,0,49845.47,94,1,1,0
290-03-3587,Jason James,51,0,60008.05,6,0,0,1
680-55-5365,Jacob Herman,83,0,73609.2,20,2,0,1
363-15-2996,Nathaniel Washington,62,1,70631.76,27,2,1,1
310-89-5162,Antonio Herrera,77,0,70209.64,95,3,0,0
880-44-9786,Mary Marks,22,1,40900.38,83,1,0,0
845-45-0817,Bethany Harvey,85,1,69997.21,22,1,1,1
465-81-7103,Mark Keller,36,1,42543.86,70,0,0,0
344-12-3305,Denise Armstrong,74,0,79416.15,53,1,1,1
335-38-9377,Ashley Guzman,97,0,62672.01,77,2,1,1
719-34-4959,Joshua Ruiz,50,0,63061.65,88,3,0,0
663-76-1001,Paul Gregory,36,1,62248.0,44,2,1,0
847-27-4111,Samuel Gonzalez,72,1,51934.3,97,2,0,0
151-74-0298,Heather Nelson,91,0,77495.86,43,1,1,1
043-83-8507,Mason Reese,83,1,78135.91,98,1,1,0
375-48-4384,Stephen Higgins,84,0,64371.85,42,1,0,1
770-26-4664,Adam Kline,22,0,48435.26,83,0,1,0
194-24-4741,Emily Calhoun,36,0,43223.42,16,2,1,1
428-61-3476,Peter Wilkins,83,1,70884.77,99,1,1,0
702-61-0348,Taylor Barnett,85,0,52640.28,80,1,1,0
166-86-9612,Katie Shaw,59,1,61141.17,41,0,1,1
892-25-6296,Mary Drake,81,0,71865.66,97,0,0,0
226-17-1067,David Barnes,34,0,76372.87,81,1,1,0
102-79-4377,Kenneth Craig,51,1,55567.77,75,2,1,0
575-87-0141,Cameron Schmidt,62,1,61810.57,92,1,0,0
336-78-9626,Vanessa Jones,23,0,73857.15,32,3,0,0
531-52-6129,Carrie Arnold,75,0,59704.29,71,3,0,0
011-30-7552,Jessica Lynch,20,1,58976.82,69,1,0,0
348-74-7525,Allen Cox,100,1,69830.7,9,0,0,1
773-40-6503,Katie Garcia,57,0,77967.85,30,2,1,1
459-38-3285,Karen Lopez,60,1,42388.25,75,1,1,0
181-02-4969,Sara Russell,57,0,46490.31,22,3,1,1
883-20-8621,Karina Hinton,53,1,70500.37,40,3,1,1
409-57-2360,Troy Villarreal,27,0,55243.1,3,0,0,1
248-97-1239,Mark Dougherty PhD,73,1,78092.83,79,2,1,1
705-60-4179,Brandon Hebert,67,1,57244.8,35,1,1,1
176-43-6415,Audrey Miller,30,1,51238.6,2,3,0,1
631-12-0201,Justin Kelly,32,1,61192.25,66,0,0,0
305-16-6933,Jennifer Khan,22,0,46867.26,17,1,0,0
346-19-6925,Travis Hayes,56,0,76081.31,82,1,0,0
524-43-3507,Curtis Nguyen,43,1,58898.73,68,3,1,0
278-42-9148,Jose Bryant,56,1,71427.18,71,2,1,0
591-10-6107,Christopher Hoffman,90,1,77386.53,87,0,1,1
663-19-4038,Bradley Chavez,46,0,45378.02,3,1,0,1
656-97-4855,Craig Sullivan,39,1,68699.86,31,2,1,1
876-33-5252,Audrey Smith,88,1,61186.33,68,1,1,1
656-45-4782,Amanda Arnold MD,35,0,61798.02,84,1,1,0
110-68-9357,Nathan Ruiz,33,1,60216.1,7,3,0,1
175-98-8760,Justin Patton,63,1,52382.52,12,3,1,1
309-98-6051,Mrs. Sarah Johnson,31,0,73952.69,64,1,1,0
431-84-2569,Todd Flores,32,0,68366.88,13,3,0,1
717-32-4583,Jon Collins,53,1,72881.75,22,1,0,1
316-57-8413,David Walker,92,0,71808.17,34,1,1,1
865-02-0306,Stephanie Sanchez,56,1,46355.16,72,0,0,0
357-43-8230,Patrick Sullivan,61,1,55364.9,91,2,1,0
541-05-3729,Rachel Smith,92,1,69849.93,29,1,0,1
044-28-7516,Carol Jefferson,85,0,57601.55,81,2,1,0
557-68-6972,Larry Walls,85,0,69595.87,5,2,1,1
742-51-2587,Molly Alvarez,28,1,48023.28,65,0,1,0
314-18-1006,William Butler,20,1,72479.41,92,1,0,0
230-35-6320,Devin Mcknight,78,1,52051.68,36,0,1,1
663-93-3493,Natalie Harrison,23,0,47116.27,74,3,0,0
463-98-0130,Clarence Price,39,0,53721.0,75,0,1,0
589-07-6737,Theresa Daniels,83,0,64453.89,29,2,0,1
857-29-7634,Katrina Holmes,60,1,48873.95,30,1,0,1
090-68-4276,Tyrone Morton,89,0,72806.77,4,3,0,1
278-89-7289,Ashley Davis,83,0,57424.96,13,2,0,1
153-56-6508,Ms. Judith Russell DDS,60,1,46874.64,36,2,1,1
564-12-1647,Jason Hoover,45,0,42450.7,61,3,0,0
123-84-0156,Scott Guerrero,34,0,64623.75,9,1,0,1
703-04-8346,Oscar Calhoun,97,1,60317.48,26,3,0,1
499-23-8321,Dylan Hodges,44,1,72801.18,4,0,1,1
249-68-0467,Timothy Garcia,62,0,73979.74,42,3,1,1
525-61-8419,Sara Mcknight,52,0,65177.51,60,2,1,0
036-52-8507,Ashley Kennedy,64,0,40103.0,82,3,0,0
664-53-0319,Scott Garcia,97,0,79428.99,89,0,0,1
535-66-5425,Bianca Martinez,89,1,41856.37,61,0,0,0
563-81-7531,Jennifer Humphrey,98,1,55755.38,10,3,0,1
644-29-8321,Kelly Carroll,43,0,72905.48,68,1,0,0
401-84-7308,Melody Fry,51,0,43037.22,97,1,0,0
887-02-6296,Brad Perry,73,1,64297.72,73,1,1,0
149-85-6154,Jorge Stone,97,0,78303.23,96,0,1,1
196-18-5419,Nicole Scott,56,1,48472.92,43,3,0,0
297-69-9866,Patrick Lee,31,0,51346.35,10,2,1,1
226-10-3319,Robert Rodriguez,91,1,41067.86,54,2,0,0
312-01-5753,Jordan Thornton,74,0,71984.97,82,3,0,0
168-79-4139,Sharon Bender,50,1,69312.18,19,1,0,1
222-74-4687,Joshua Yang,70,0,63713.05,68,1,0,0
297-72-0031,Curtis Villanueva,47,1,53615.29,98,2,0,0
255-73-9289,Kyle Wilson,46,0,76601.49,79,1,1,0
387-13-8734,Rebecca Preston,26,1,68346.69,91,3,1,0
390-59-2638,Caitlin Hall,78,1,77760.99,82,0,0,1
341-50-8621,Mindy Reynolds,59,1,54253.09,13,0,1,1
257-60-2775,Sharon Lawrence,49,1,68248.8,19,3,0,1
716-44-3710,Joseph Marshall,37,1,49019.87,42,3,0,0
345-72-6088,David Anderson,44,1,59414.35,54,1,0,0
221-64-5060,Jared Weaver,68,0,76121.92,84,0,1,0
465-01-7523,Lisa Evans,65,1,72516.27,83,3,0,0
403-74-1716,Debra Johnson,75,1,60381.2,75,1,1,0
011-15-9960,Christina Brown,92,1,55799.22,24,2,1,1
505-45-9338,Reginald Kline,73,1,52561.39,67,2,1,0
659-22-3355,James Brown,23,0,77507.54,90,0,0,0
825-54-0283,Kimberly Ewing,55,0,73450.75,67,3,1,0
140-14-6984,Gary Smith,74,0,64028.01,63,3,0,1
124-37-7796,Duane Joseph,29,1,43519.66,20,0,1,0
684-92-8889,Juan Pearson,30,0,66557.25,60,1,1,0
784-01-8628,Andrew Baker,72,1,49837.27,84,0,1,0
473-61-6211,Angela Santos,36,0,41382.04,26,1,0,0
471-44-0155,Gary Rose,31,0,73317.52,51,0,0,0
380-84-5984,Donna George,61,0,70406.27,15,2,1,1
805-76-8413,Karen Adams,85,1,46849.34,73,1,1,0
193-54-2094,Katherine Davis,50,1,67348.48,87,1,0,0
074-68-9010,Sierra Wilkinson,85,0,43448.43,59,1,0,0
479-98-4244,Valerie Rose,84,0,63203.24,28,3,1,1
386-70-4180,Kenneth Gonzalez,94,0,73817.15,57,0,0,1
772-68-3620,Jennifer Grant,37,0,79527.82,40,2,1,1
710-70-6158,Brian Murphy,43,0,52134.51,47,0,0,0
146-95-8860,Angie Prince,43,0,44264.42,21,1,1,1
089-65-1962,John Cabrera,77,0,42859.75,87,1,1,0
235-64-7045,Scott Lucas,92,1,44545.27,35,3,1,1
664-09-0233,Angela Mccarthy,81,1,42651.29,64,0,0,0
890-95-8758,Kelsey Rice,96,0,44480.76,74,1,0,0
184-10-9803,Michael Caldwell,51,1,64897.14,80,3,0,0
043-79-2450,Steven Martin,38,1,55840.47,88,2,0,0
735-87-4616,Carolyn Nielsen,86,0,46830.72,72,3,1,0
434-43-0936,Gabriela Johnson,51,1,52618.54,10,3,0,1
462-14-2497,Sara Barber,97,0,74966.3,55,3,1,1
367-59-5792,Candace Floyd,72,1,54656.94,39,1,0,1
714-87-7131,Joshua Williams,50,0,51587.95,60,0,0,0
781-48-5740,Lori Harrison,77,0,44336.61,83,3,0,0
488-66-1189,Bradley Johnson,94,0,61027.18,22,0,0,1
679-01-5122,Kerri Lynn,34,1,51229.68,67,1,1,0
202-93-6403,Rita Davis,81,0,49325.53,96,0,0,0
854-94-1190,Debra Warner,82,0,73139.53,41,3,0,1
186-88-2076,Jimmy Miller,97,0,47021.44,17,2,0,1
719-91-5190,William Evans,95,0,76533.44,79,1,0,1
464-77-9254,Jerry Williams,36,1,79457.46,13,0,0,1
374-19-8315,Gary Walker,27,1,60336.13,86,2,1,0
668-57-1342,Michael Waters MD,97,0,43780.25,63,3,1,0
813-57-4351,Douglas Holland,42,1,40177.95,76,2,1,0
655-74-5553,Susan Hernandez,26,0,55179.54,94,2,1,0
403-93-7207,Anna Russell,28,1,50744.02,5,0,1,1
477-45-4029,Laura Serrano,29,1,71733.6,28,3,0,1
775-03-0306,Maureen Smith,46,0,76739.69,8,1,0,1
674-65-5844,Laura James,40,0,78163.61,6,3,1,1
891-33-6821,Thomas Gill,83,0,62304.02,19,1,0,1
292-21-8773,Todd Patterson,62,1,67199.85,3,1,0,1
378-62-1079,David Solomon,89,1,42921.01,12,0,1,1
378-65-5104,James Allen,24,0,57304.36,57,1,0,0
595-26-4514,Daniel Harris,32,0,75079.65,60,2,1,0
034-96-5038,Ryan Wood,27,0,68390.03,47,2,0,0
382-18-0892,Tanya Phillips,75,1,50741.22,50,0,1,1
285-69-2119,Claudia Reed,41,0,64128.77,49,2,1,0
341-64-5676,Christina Smith,87,0,72307.83,99,2,0,0
655-97-8564,Christy Simmons,98,0,66481.36,73,3,1,1
428-98-5161,Teresa Fisher,27,1,74668.58,26,1,1,1
264-60-5085,Kathy Garcia,61,0,44522.96,10,1,1,1
144-21-6420,Gregory King,83,1,64402.48,5,2,1,1
252-05-2998,Michael Camacho,94,0,43930.06,10,2,1,1
257-68-5329,Greg Chambers,58,0,43285.6,53,2,1,0
101-29-6666,Ashley Chavez,37,0,47246.97,39,3,1,0
597-12-6464,Michael Fisher,54,1,68596.29,57,2,0,0
399-96-3639,Eric Duran,91,0,76779.95,7,2,1,1
830-96-8867,Joshua Carter,67,1,44060.86,30,2,0,1
350-11-5474,Debra Woods,81,1,64058.24,81,0,1,0
490-50-3647,Ricardo Dixon,96,0,60874.24,44,2,0,1
771-69-6759,Anthony Jones,47,1,53137.56,31,2,0,1
606-94-4779,Donna Simpson,36,1,78417.58,6,0,1,1
200-23-9825,Justin Reed Jr.,48,1,51081.34,16,3,1,1
402-38-2198,Ronnie Burke,43,1,71177.71,89,1,0,0
763-85-1732,James Freeman,71,0,49089.3,47,2,1,1
290-49-6341,Tyler Bolton,55,0,35170.45,65,1,1,0
885-99-4034,Cindy Beck,22,0,33058.49,6,0,1,1
165-30-9179,Teresa Dougherty DDS,98,1,22454.86,28,1,1,1
088-38-4695,Robert Gordon,25,0,22668.17,83,0,1,0
339-86-0600,Suzanne Bowman,57,1,29973.7,6,3,0,1
013-86-2945,Jeremy Moore,61,0,33022.43,78,1,1,0
145-19-9422,Stacy Hicks,41,1,35966.63,42,3,1,0
379-46-8767,Dawn Ashley,75,0,24716.6,34,3,0,0
022-27-8172,Edward Kelly,35,0,24580.77,84,1,0,0
183-12-9880,Daniel Smith,55,0,24769.05,6,2,1,1
059-66-4847,Tracey Jennings,43,1,33931.78,20,3,0,1
708-84-1013,Bridget Smith,81,1,39454.59,14,3,1,1
156-98-9090,Joseph Sanders,64,0,26352.23,100,3,1,0
130-53-8295,Jean Johnson,30,1,39068.05,16,0,1,1
400-14-9356,Gregory Little,48,1,22538.73,18,0,0,0
133-07-8568,Autumn Hayden,78,1,21685.11,78,2,1,0
096-37-4698,Melissa Mccormick,41,1,24406.35,57,0,1,0
580-79-9352,Tracey Lewis,79,1,36070.61,24,1,1,1
007-21-1752,Jeffrey Romero,25,0,20032.62,53,2,1,0
855-78-7735,Kelsey Torres,72,0,26840.62,64,1,0,0
441-32-8546,Michael Mason,36,0,22006.96,13,2,0,0
306-27-8891,Jesse Rhodes,94,1,39594.1,84,3,1,0
509-30-3268,James Frazier,47,0,24911.92,7,2,0,1
751-39-6283,Eric Silva,21,0,33828.14,99,1,0,0
646-34-3759,Brenda Wilson,60,0,31210.03,47,1,1,0
781-96-7039,Michael Hodges,51,0,25920.53,56,2,1,0
649-70-4576,Cheryl Burns,85,1,28666.55,26,1,1,1
364-50-3565,Joseph Zamora,38,1,35889.43,43,1,0,0
749-64-3750,Andrew Lee,67,0,39842.34,9,2,0,1
515-25-9352,Lisa Briggs,47,0,28064.13,73,0,1,0
727-32-6709,Caitlin Bender,32,0,32725.28,57,2,0,0
360-35-2810,Dr. Karina Patterson,27,1,26726.07,71,0,0,0
885-60-9933,Jesus Thomas,55,1,27664.09,95,1,0,0
897-66-4518,Jonathan Mays,35,1,30617.25,64,1,1,0
045-55-9177,Frank Harper,45,1,30473.32,68,0,0,0
189-29-6321,Daniel Greene,64,1,25633.67,40,3,0,0
790-54-3391,Jason Howard,80,1,30716.59,63,3,1,0
082-37-3194,James Marshall Jr.,85,0,21684.11,70,3,1,0
456-03-4594,James Rodriguez,57,0,29086.4,26,1,1,0
566-64-3006,Katherine Cook,100,0,38004.66,76,3,0,0
368-58-7923,Wendy Harris,53,0,36921.54,79,0,1,0
251-96-4232,Eric Rocha,53,0,33670.73,16,2,0,1
899-07-7038,Ronald Nelson,68,0,23287.59,72,0,1,0
037-43-6038,Derek Fitzgerald,64,0,29457.16,43,0,0,0
104-72-3283,Jaime Thomas,47,1,20005.0,12,3,0,1
863-48-4570,Marc Rodriguez,27,0,39449.14,69,3,0,0
751-31-9670,Charles Freeman,86,0,25805.55,28,0,0,1
389-39-6700,Michael Hoffman,68,1,38183.63,65,1,1,0
201-01-5727,Karen Wilson,44,1,20873.59,59,1,1,0
440-82-1586,Jason Odom,29,1,32348.48,3,1,0,1
449-26-2747,Mark Parrish,26,0,35225.99,52,1,0,0
045-36-6992,Amanda Foley,60,0,28890.47,50,2,1,0
390-68-3698,Daniel Lloyd,83,0,31502.73,1,2,1,1
250-30-1195,Austin Morales,82,0,34655.97,5,0,1,1
160-35-8551,Jennifer Jensen,80,1,25682.58,68,0,1,0
418-18-7921,Jessica Elliott,40,0,30842.56,29,2,0,0
384-47-1339,Colleen Edwards,48,1,26624.36,5,3,0,1
784-41-3388,Joel Love,39,0,21054.03,5,3,1,1
652-12-7266,Michael Nielsen,69,1,26949.82,82,2,1,0
828-20-8983,Sherry Prince,45,1,30804.19,74,1,1,0
074-51-5940,Jenna Briggs,96,1,32316.34,6,1,1,1
203-42-9653,Michael Martinez,22,0,34855.53,68,0,1,0
820-40-5856,Jeremy Ellis,78,0,29711.45,85,1,1,0
142-71-2182,Jeffrey Mcneil,28,1,33968.21,71,3,1,0
270-67-0939,Jacqueline Tran,79,1,30377.67,98,3,0,0
113-23-8358,Hannah Adams,49,1,30412.39,29,1,1,0
561-05-9261,Caitlin Payne,97,0,39703.19,49,1,0,1
660-75-4488,Jordan Giles,51,1,30770.49,67,2,1,0
820-56-4001,Rebecca Petty MD,49,1,32452.36,32,1,0,0
217-34-0300,Patricia Sanchez,82,0,22653.77,31,2,0,0
051-16-6441,Adam Taylor,58,0,39501.52,88,1,1,0
706-19-4084,Richard Parker,26,0,36995.47,32,0,1,0
431-18-8333,Tracey Brewer DVM,99,0,29080.48,6,0,1,1
586-16-6499,Kelly Crawford,68,0,23354.26,46,2,1,0
390-31-1400,John Perez,81,0,24247.31,45,2,0,0
570-12-4587,Melissa Gallagher,92,0,21854.3,26,2,1,1
728-02-2702,Kristina Pierce,38,0,28196.89,59,0,0,0
485-24-9060,Anna Myers,99,0,35820.07,31,2,1,1
280-89-3532,Marcus Williams,95,0,27580.1,47,1,0,0
202-66-5471,Nathan Hill,58,1,32419.57,27,1,1,0
680-34-4897,Cory Barnes,98,1,23989.49,63,1,1,0
859-27-5864,Mr. Andrew Sellers PhD,68,0,28176.02,59,0,1,0
463-98-9946,Tina Jacobson,37,0,37764.97,40,3,0,0
543-77-6387,Courtney Reynolds,59,1,32268.23,28,1,1,0
406-33-6782,Stacey Lee,84,0,23996.31,47,0,0,0
859-33-3576,Victor Gomez,85,0,39878.15,90,1,1,0
874-65-8575,Misty Greene,31,0,37074.14,61,3,0,0
788-35-2399,Shannon Hodges,77,1,20178.59,1,0,0,1
011-47-3532,Steven Taylor,50,1,38140.1,59,3,1,0
162-34-3918,Jonathan Pugh,78,1,30263.31,28,2,0,1
199-61-3601,Bruce Gallagher,27,1,23313.51,58,2,0,0
145-47-0294,Tara Jenkins,76,0,20987.76,6,3,0,1
318-20-7727,Julia Nguyen,60,0,39173.35,76,2,1,0
622-15-0431,Jason Foster,49,0,32988.42,85,3,0,0
318-31-5460,Phillip Scott,81,0,25277.7,91,0,0,0
875-98-0374,Kimberly Richard,86,1,28458.96,48,1,0,0
060-03-0632,Charles Massey,71,0,20302.96,89,1,0,0
644-42-0736,Theresa Howell,95,0,22056.12,61,3,1,0
824-68-3206,Kimberly Lambert,41,0,20567.88,63,3,0,0
483-70-7904,Eric Jones,27,1,22532.87,5,1,0,1
830-36-1320,Kristen Austin,81,0,27986.7,98,0,1,0
851-82-8880,Anthony Crane,31,1,24217.57,24,0,1,0
216-40-3588,Gabriel Woods,78,0,38748.42,80,1,1,0
317-86-6166,Brenda Campos,44,0,20203.93,33,3,1,0
615-27-0364,Tara Bass,68,1,36526.59,48,3,0,0
402-09-6156,Jessica Gonzalez,83,1,28182.64,48,2,0,0
628-79-1042,Robert Braun,34,1,33127.78,35,0,1,0
762-90-9478,Pamela Morris,84,1,24082.2,17,1,1,1
484-38-4916,Virginia Hernandez,99,1,35804.88,35,3,1,1
205-85-2519,Antonio Lutz,49,1,20662.14,77,3,0,0
282-08-8454,Alyssa Wood,23,1,38096.26,83,1,0,0
708-95-5280,Paige Carlson,59,1,35017.95,5,3,0,1
214-32-4418,Vernon Coffey,52,1,21669.53,98,3,1,0
775-50-6616,Kimberly Wright,43,1,39749.95,30,3,0,0
479-85-6231,Tracy Jackson,92,1,38117.07,45,0,0,1
545-32-6162,Crystal Johnson,58,0,34174.49,78,1,0,0
382-54-4389,Candice Lewis,83,1,22099.81,31,2,1,0
241-87-1442,Kenneth Hansen,92,1,36485.2,98,1,1,0
252-47-5005,Jonathan Bryant,61,1,26799.71,95,1,1,0
363-40-5746,Diana Robinson,47,0,39854.31,90,2,1,0
093-90-0211,Jay Foster,52,1,28294.09,13,1,1,1
064-36-9839,Deborah Adams,51,1,32528.01,37,0,0,0
661-31-1734,Timothy Harvey,24,1,36516.48,8,1,1,1
070-81-3706,Deanna Martin MD,29,1,36039.98,13,2,1,1
269-31-4652,Donna Summers,44,0,22058.77,31,2,0,0
747-38-6946,Tamara Jones MD,41,0,34090.97,11,2,0,1
430-71-1821,Mary Allison,63,0,21278.57,31,0,0,0
264-24-5491,Anita Ross,27,0,25694.18,7,0,1,1
413-06-6826,Miranda Whitaker,90,0,22833.51,45,1,0,0
447-75-6484,Patrick Cardenas,74,0,25100.63,87,0,0,0
757-27-3989,George Frye,55,0,37181.35,88,1,0,0
341-62-1911,Cassandra Gray,42,1,31019.23,74,1,0,0
826-33-5128,Brittany Potts,56,1,27164.61,70,3,1,0
253-47-6932,Jennifer Hall,54,0,28295.96,54,1,1,0
319-52-4423,Krista Graves,25,0,28254.81,90,0,1,0
837-28-5644,Cassandra Mcdowell,73,1,39429.83,74,3,0,0
743-81-7694,Cameron Maynard,68,0,30044.95,90,0,1,0
133-91-0824,Mitchell Francis,68,1,31306.35,24,1,1,1
711-53-9254,Anthony Brown,20,1,33730.14,88,2,1,0
794-12-7617,Connor Pacheco,50,0,35682.25,18,1,1,1
510-11-1137,Katie Pittman,58,1,31635.5,22,0,0,1
415-48-9675,Samantha Black,87,1,39893.45,14,0,1,1
647-77-1750,Justin Ford,22,1,28284.96,46,2,0,0
888-30-7896,John Dunn,40,0,21833.81,79,0,0,0
469-23-9307,Robert Scott,29,0,39612.92,77,1,1,0
319-88-6204,Pamela Moore,44,1,39036.76,31,2,0,0
165-82-8828,Christopher Fuentes,25,0,23746.35,46,0,0,0
469-25-8746,Bobby Guzman,25,0,23206.22,94,3,0,0
559-86-8633,Steven Hunt,59,0,30595.95,86,2,1,0
769-86-3566,Julie May,81,0,29416.89,20,1,0,1
155-94-1436,William Spencer,100,0,38639.93,38,0,1,1
314-48-0547,Lance Joseph,75,1,28822.1,22,0,0,1
726-45-4546,Cynthia Strickland,72,0,27898.27,48,0,0,0
309-62-3769,Sara Porter,54,1,20951.96,82,1,0,0
107-42-3143,Joshua Little,70,1,25298.39,13,0,1,1
825-43-3903,Timothy Ferrell,68,1,35784.74,16,2,1,1
549-37-8690,Shelly Hall,82,0,37221.14,43,3,0,1
671-26-9680,Nichole Ford,52,1,37199.6,66,1,0,0
808-78-3917,Keith Brooks,40,0,22591.57,17,3,1,0
368-12-8033,Ryan Jones,44,0,27312.31,1,3,0,1
441-89-5565,Collin Morris,67,0,23458.98,33,3,1,0
094-46-9813,Caleb Moore,99,0,34224.45,99,0,1,0
514-04-5405,Teresa Smith,61,0,20686.93,64,1,1,0
378-09-5620,Travis Fernandez,62,1,25575.45,87,3,0,0
457-43-8450,Claire Shea,79,1,20081.65,52,1,1,0
609-37-4398,Alexander Wall,76,1,37164.81,85,2,1,0
399-09-2750,Dylan Jones,32,1,27919.01,3,1,0,1
731-69-7063,Edward Werner,85,0,24348.18,61,3,0,0
865-59-8958,Leslie Brock,87,0,30152.97,34,3,0,1
769-40-0628,Maria Brown,73,0,30489.24,42,0,0,0
272-03-0681,Christopher Brady,82,0,24313.08,40,0,0,0
417-98-3159,Crystal Atkins,76,0,30375.71,39,3,1,0
794-62-1218,David Smith,66,1,27365.85,70,0,1,0
888-89-4419,Kim Watson,47,1,34758.4,65,3,0,0
247-07-3127,Tyler Hughes,84,1,34526.68,8,1,0,1
456-12-8177,Anthony Hill,32,1,33356.59,17,0,1,0
600-35-9379,Catherine Torres,21,0,34317.29,81,2,0,0
627-75-7121,Patrick Webb,97,0,33659.96,18,0,1,1
512-15-0419,Tammy Newman,65,0,23899.03,33,3,0,0
622-98-7153,Christina Ellis,59,1,39696.78,27,3,1,1
124-56-8883,Paul Huffman,43,0,25478.51,96,1,0,0
604-16-3856,Brian Howell,57,1,32771.4,99,2,1,0
172-91-2559,Laura Moore,30,0,34662.9,90,0,0,0
659-42-9399,Ryan Vargas,77,0,32116.87,24,2,1,1
856-75-0551,Nathan Munoz,82,1,35465.67,55,3,0,0
156-14-1615,Mr. Jordan White Jr.,20,1,39022.77,38,0,0,0
434-65-0213,Stephanie Gardner,97,1,37543.58,83,3,1,0
480-34-0515,Patrick Wilson,70,1,38639.64,39,3,1,0
423-34-6519,Dr. Alison Munoz,36,0,37394.1,83,0,1,0
761-47-5853,Samantha Chang,34,1,39826.45,46,3,0,0
013-23-3835,Eugene Stewart,72,0,21542.64,4,1,0,1
472-47-4270,Nancy Wolfe,44,0,37055.24,34,3,1,0
253-49-3461,Todd Smith,96,1,35448.08,11,2,0,1
876-31-7647,Kathryn Newton,41,0,34938.0,68,0,0,0
087-30-9532,Emily Griffith,64,1,35452.03,8,2,0,1
859-29-1997,Patricia Ross,93,0,22305.32,29,2,1,1
125-49-7559,Dawn Miller,78,0,27842.34,95,2,0,0
009-15-1106,Scott Carey,57,0,33741.85,49,1,0,0
690-38-5771,Elizabeth Gibson,99,0,27319.99,5,0,1,1
639-45-7445,Kevin Perez,81,1,38588.06,49,0,1,0
154-49-2079,Hailey Acosta,97,1,33308.83,1,1,1,1
355-80-3339,James Schwartz,80,1,21960.21,90,0,1,0
480-15-1210,Stephanie Morrison,82,1,25136.89,78,3,1,0
011-16-2127,John Allison,55,0,24871.38,93,0,1,0
638-62-2265,Robert Petersen,97,0,27039.58,82,3,1,0
540-65-9940,Lance Gordon,80,0,31821.15,48,1,0,0
376-07-4193,Casey Clements,88,0,29388.68,47,0,0,0
728-49-5233,Jennifer Martin,59,1,33961.3,30,0,1,0
335-15-3988,Julie Reed,80,1,39239.1,61,2,1,0
669-90-8941,Todd Austin,31,0,37142.14,27,2,1,0
396-15-3892,Wayne Lawrence,80,0,36346.18,89,2,0,0
440-61-7293,Andrea Hernandez,70,0,38504.59,5,1,0,1
332-54-5123,Julie Williams,24,1,32610.13,18,0,0,0
027-19-5514,Jerry Smith,75,0,35947.79,39,3,1,0
255-34-5729,Jeffery Escobar,26,0,28720.59,73,3,1,0
202-33-0327,Rachel Stephenson,23,1,22017.56,96,0,1,0
660-31-3020,Melissa James,93,0,37036.45,21,3,0,1
369-49-6710,Antonio Stewart,90,0,33031.44,92,2,1,0
667-83-5073,Carla Koch,52,0,21797.96,45,2,1,0
204-26-8901,Richard Chavez,35,0,35076.78,79,2,0,0
274-96-7664,Ashley Garner,88,0,31871.04,44,2,0,0
091-47-0557,Martin Peterson,79,1,35407.66,80,2,0,0
006-28-4874,Christopher Craig,67,0,33807.33,1,1,1,1
633-53-9999,Christy Colon,86,1,25883.12,38,3,0,0
571-88-9669,Amber Stephens,62,0,34006.54,12,1,0,1
837-13-0900,John French,42,0,35494.42,58,1,1,0
667-64-9471,Robin Mathis,37,0,38049.44,83,3,0,0
389-25-7113,Phillip Flowers,57,0,39111.49,52,0,1,0
071-44-8490,April Horn,51,1,30077.01,92,0,1,0
080-49-9830,Vanessa Miles,68,0,24040.35,77,2,1,0
495-74-2394,Derek Holt,33,1,36751.13,59,3,0,0
769-42-9603,Jessica Jackson,40,1,27268.87,100,2,0,0
734-95-2548,Ricky Nguyen,62,1,22827.37,79,0,1,0
656-83-8695,Regina Diaz,26,0,20487.86,3,3,1,1
322-81-5554,Joshua Peters,67,1,24499.45,15,2,1,1
029-13-5156,Mariah Herring,77,0,35333.78,83,2,1,0
229-35-6632,Caitlin Johnson,56,1,20646.37,16,0,1,1
881-62-6774,Susan Figueroa,89,0,28656.91,86,3,1,0
463-61-5876,Jennifer Martin,94,0,25085.2,75,1,0,0
707-15-8092,Shirley Peterson,72,0,22273.2,63,1,0,0
100-76-0250,Jennifer Wallace,98,0,29566.63,60,2,0,0
889-20-0337,James Bean,47,0,33877.39,53,1,1,0
246-71-0925,Brandi Miller,67,1,25019.04,46,1,0,0
118-96-7451,Lori Martin,35,1,22022.85,93,0,1,0
194-70-7103,Tyler Bell,95,0,30904.86,61,0,1,0
138-73-0033,Laura Novak,53,1,20912.45,53,0,1,0
002-01-2361,Garrett Burton,44,0,27154.63,37,0,0,0
418-59-3954,Annette Baker,42,1,35784.46,12,1,1,1
482-66-6494,Eric Willis,77,1,24245.16,82,2,0,0
384-61-7171,Tammy Gutierrez,20,1,34297.19,98,0,1,0
723-24-6509,Dawn Robbins,42,1,20991.85,18,1,1,0
489-35-9725,John Flores,40,0,30891.83,35,2,0,0
572-58-5182,Nicole Cobb,69,0,30846.89,35,3,0,0
243-31-7589,Tiffany Taylor,28,0,38161.03,63,0,1,0
394-37-6263,Christopher Deleon,20,0,24145.98,26,2,1,0
449-96-1743,Tracy Bennett,54,0,33593.07,64,1,0,0
110-44-9182,Darius Stuart,31,1,22399.3,77,3,1,0
314-78-3871,Sheryl Stewart,86,1,28458.24,75,2,1,0
339-74-3714,Wayne Reynolds,47,0,31474.31,14,0,1,1
319-87-3899,Brady May,43,0,25779.08,34,1,1,0
651-29-1099,Mary Arellano,59,0,20816.75,33,2,1,0
550-58-5249,Elizabeth Pruitt,82,1,22857.9,2,0,1,1
299-11-6083,Shane Merritt,24,1,37395.26,28,1,0,0
129-23-2142,Travis Watts,62,1,38012.3,64,3,0,0
836-58-6604,Andrew Mullins,83,0,38795.12,69,1,1,0
852-04-5083,Stephen Wilson,30,0,39350.47,33,1,1,0
552-35-2119,Mrs. Rachel Ramirez,47,1,36686.59,11,1,0,1
421-90-8925,Julie Yates,54,0,31107.01,26,0,1,0
126-49-3138,Phyllis Riddle,56,1,23351.36,54,2,1,0
177-59-1446,Martha Bailey,63,0,21749.49,76,2,0,0
358-48-5930,Michael Hunt,83,1,30001.54,96,1,1,0
559-49-8648,John Nixon,96,0,22114.59,65,1,1,0
210-17-9619,Tonya Davis,68,1,34505.18,8,0,1,1
806-67-3986,Heather Miller,59,0,24364.42,51,3,1,0
075-61-8943,John Bennett,91,1,29557.76,57,2,1,0
053-27-9951,Ashley Villarreal,41,1,33205.34,46,1,0,0
060-41-0669,Sydney Richardson,29,0,35035.44,3,3,0,1
411-18-8113,Diana Martin,46,0,33041.07,47,0,1,0
240-39-0787,Michael Garrett,29,1,27854.02,64,2,0,0
411-88-1673,Spencer Martin,83,1,22377.31,76,0,1,0
714-69-8786,Monica Parrish,88,1,36619.42,71,1,1,0
422-87-9813,Mike Mckinney,40,0,23294.39,35,0,1,0
552-99-0069,Paul Stevens,80,0,26732.25,95,1,0,0
241-38-6959,Jessica Weeks,45,1,24657.86,37,2,1,0
144-22-5301,Maria Gentry,91,1,34303.85,13,3,0,1
766-05-9102,Monica Greene,28,0,34897.95,56,0,1,0
068-90-0169,Vanessa Bowen,20,0,30850.22,99,3,1,0
585-20-0103,Alexis Berry,26,1,31532.28,16,0,1,0
687-13-8370,Heather Golden,53,0,22865.73,22,1,1,0
378-81-0835,Patricia Robinson,31,0,37117.8,9,0,0,1
051-29-0300,Renee Rodriguez,91,1,35167.57,48,2,1,0
813-02-6049,Nicole Hunter,68,0,21265.9,36,3,0,0
845-63-9244,Brian Short,30,0,28516.07,3,3,1,1
665-55-3619,Rebecca Nicholson,30,1,26048.73,60,2,1,0
003-34-4444,Paul Hanson,91,0,22356.25,88,1,1,0
462-97-8808,Jonathan Contreras,90,0,26937.05,51,2,1,0
154-17-8182,Heather Phillips,92,0,36272.56,50,2,1,0
678-58-7355,Kevin Shaw,68,1,28518.72,43,3,0,0
437-23-2057,Elizabeth Richardson,76,0,34654.5,44,3,1,0
459-34-1167,Evelyn Jones,91,1,25357.34,34,1,1,0
624-68-1327,Nancy Ball,84,1,30773.6,63,1,0,0
662-60-7871,Olivia Santos,79,0,28710.14,26,0,1,1
316-76-3122,Christopher Abbott,66,1,36976.4,61,0,0,0
192-04-1641,Gerald Savage,86,1,31688.08,42,3,1,0
667-77-8055,Jessica Atkins,70,0,28324.39,84,2,1,0
295-99-1524,William Robinson,58,1,25325.69,43,0,0,0
636-19-8867,Shannon Rivera,78,1,22687.32,10,2,0,1
824-79-2497,Jason Herrera,92,1,27702.88,19,3,0,1
591-74-2250,Billy Olson,63,0,38476.85,89,0,0,0
071-27-1640,Amber Lucas,39,1,29321.19,24,3,1,0
528-38-3089,Joe Perez,28,0,22026.7,19,3,1,0
342-43-1626,John Scott,65,1,28861.27,11,1,1,1
641-14-2579,Yvette Hanson,22,0,36352.92,52,1,0,0
749-33-9290,Michelle Ward,47,1,20295.17,52,2,0,0
548-48-0930,Amanda Nichols,57,1,30651.98,65,2,1,0
221-59-4906,Denise Collins,96,0,39909.2,22,1,0,1
355-61-0631,Richard Hall,98,1,33177.42,82,3,1,0
730-96-3536,James Crawford,30,1,35788.25,82,3,0,0
603-87-2579,Dr. Spencer Blair,92,0,34999.03,33,0,1,1
413-30-6535,Amy Chavez,94,0,33777.48,56,3,0,0
659-01-2660,Nicole Nguyen,65,0,38668.19,48,0,1,0
309-31-7565,Jody Rodriguez,41,1,32554.48,69,1,1,0
649-66-2523,Noah Brown,79,0,31368.38,35,2,0,1
057-33-2082,John Schroeder,25,1,39748.54,80,2,0,0
390-53-4582,Matthew Jenkins,55,1,27916.28,50,2,0,0
058-71-2846,Cheryl Graham,81,1,27286.48,51,3,0,0
298-32-5733,Maria Moore,86,1,31024.23,37,2,1,1
070-84-7157,Douglas Hampton,52,0,32957.94,42,2,0,0
724-30-0303,Francisco Lee,28,1,38952.56,15,2,1,1
689-93-4178,Adrian Cooper,72,0,22527.04,51,2,0,0
340-51-5683,Ruth Anderson,21,0,38053.18,98,1,0,0
809-98-5813,Keith Pruitt,79,0,28079.92,19,0,0,1
073-16-6817,Travis Logan,90,0,23380.82,79,2,1,0
886-18-7977,Nicholas Villanueva,35,0,34247.93,18,0,0,0
462-27-9671,Brad Ritter,36,1,38018.11,98,1,1,0
844-46-6960,Nancy Bell,85,0,36139.85,94,1,0,0
271-49-3352,James Mckinney,29,0,24737.09,25,3,1,0
264-77-3497,Peter Evans,80,1,28157.61,1,0,1,1
362-32-2518,Justin Nunez,54,0,20172.81,23,1,0,0
142-49-5553,Zachary Foster,34,1,24312.79,71,1,0,0
079-96-3346,Scott Swanson,100,1,32036.69,37,0,1,1
226-02-9638,Michael Davis,90,0,20036.69,48,0,1,0
163-99-9356,James Mckenzie,32,1,29515.49,24,0,0,0
406-62-6754,Victoria Hamilton,72,1,31782.95,5,0,1,1
304-32-2320,Angela Nelson,78,1,25417.91,61,2,0,0
466-15-9173,Travis Hood,65,1,31838.48,56,1,0,0
535-21-4625,Teresa Vasquez,51,1,22645.57,71,1,0,0
273-68-8508,Kristina Rodriguez,50,0,24278.16,12,2,0,1
860-29-9079,Brandon Johnson,95,0,24109.49,13,0,0,1
381-19-5375,Erik Wiggins,57,0,32609.64,89,2,1,0
334-43-2909,Martha Lucas,37,0,30619.84,44,2,0,0
683-58-0775,Michael Miller,48,0,29421.88,6,1,0,1
193-90-8010,Holly Parker,23,1,31422.54,71,0,1,0
558-94-9730,Julie Reynolds,36,1,34135.76,69,0,0,0
700-39-3051,Anita Velazquez,25,0,20967.38,95,0,1,0
622-34-7455,Steven Scott,47,0,38973.63,66,2,1,0
263-45-8734,Brittany Clayton,79,1,23690.1,66,2,0,0
132-99-5371,Jodi Bates,73,0,27225.92,25,3,1,1
625-04-4718,Joshua Phillips,59,1,39747.01,14,3,1,1
844-75-3467,Darren Long,64,0,20717.19,96,1,0,0
134-05-6639,Charles Payne,58,0,22639.45,22,3,1,0
669-67-3200,Kelly Williams,52,0,34159.87,57,1,1,0
791-28-9888,Elizabeth Stevens,49,1,37431.24,5,0,1,1
520-31-0902,Robin Brown,45,0,36505.38,9,2,0,1
636-53-8180,Samuel Carter,77,1,21956.62,82,3,1,0
681-68-9119,Gerald Rodgers,36,0,38188.75,20,0,1,0
023-26-5736,Rebecca Murillo,75,1,34697.61,29,0,1,1
312-51-4680,Melissa Schultz,96,1,27025.07,79,2,1,0
383-92-1010,Ana Schmidt,31,0,31554.01,40,2,1,0
573-10-5757,Paula Mack,88,1,24617.14,92,0,0,0
197-98-8226,Nicholas Campbell,65,0,28066.25,7,0,0,1
676-19-2969,Brenda Moss,20,1,37586.38,47,2,0,0
646-02-3112,Denise Thomas,56,0,20677.93,55,1,0,0
897-38-4949,Gary Bradley,71,0,29400.26,32,1,0,0
630-46-8215,Adam Mann,56,0,31680.11,24,0,0,1
291-99-2813,James Lucas,64,0,39174.97,18,0,1,1
150-22-3386,Steve Martin,42,0,27821.57,57,2,0,0
285-69-6580,Catherine Lewis,67,0,29757.0,6,2,0,1
430-54-5822,Jessica Banks PhD,54,0,21758.83,25,0,1,0
152-62-5984,Elizabeth Miller,38,0,26390.87,73,0,0,0
359-75-6400,Angela Taylor,75,1,33425.2,35,1,0,1
691-73-2607,Gary Taylor,71,0,31624.19,81,3,0,0
509-63-2846,Terri Mcfarland,87,1,34580.43,65,3,0,0
026-34-4304,Gregory Bailey,62,0,24872.48,80,0,0,0
669-05-9062,Rachel Hicks,79,0,24582.33,83,2,0,0
702-24-3511,Sara Nelson,69,1,39390.98,74,1,1,0
618-45-5514,Lori Lee DDS,99,1,29407.33,81,1,0,0
574-88-8779,Sean Cooper,73,1,23601.64,22,1,0,1
893-65-0082,Todd Gentry,98,0,22302.81,37,1,1,0
836-18-5742,Ashley Norton,56,1,21337.65,46,0,0,0
868-20-7965,Whitney Garcia,52,1,28850.74,87,1,0,0
626-42-3829,Paula Griffin,91,1,21490.17,39,2,1,0
211-43-8016,Kristy Kidd,88,1,28865.44,51,1,1,0
404-35-8657,David Martinez,97,0,26002.89,93,3,1,0
099-56-7447,Jonathan Lawson,30,0,39489.21,57,1,1,0
638-74-2195,Matthew Wilson,84,1,22543.04,89,0,0,0
408-88-6446,John Jordan,33,0,39978.3,41,1,1,0
475-74-1334,Amanda Collins,64,0,22983.34,25,0,0,0
119-52-0363,Michael Nelson,86,0,26760.18,24,1,1,1
845-30-0650,Tracy Ruiz,88,1,33074.05,25,2,0,1
