ssn,name,age,gender,income,health_rating,nChildren,married,purchased
816-24-0655,Emily Rogers,43,1,97619.39,17,2,False,True
814-53-2752,Kelli Jacobs,55,0,122088.99,58,0,True,True
759-86-5706,Gregory Pennington,80,1,139808.87,88,0,False,True
245-78-1646,William Byrd,74,0,177064.98,31,3,True,True
083-91-0363,Justin Thomas,92,1,141450.46,52,1,True,True
157-22-8208,Gina Garcia,81,0,186848.38,11,2,False,True
885-42-8708,Alyssa Munoz,54,1,176637.83,12,1,False,True
160-94-9879,Amber Stevens,97,0,140589.93,47,2,False,True
368-15-9392,Angela Lawrence,85,1,164932.83,7,1,False,True
862-41-1086,Melissa Hernandez,30,1,84015.39,28,0,True,False
401-79-9782,Matthew King,52,1,173607.95,26,2,False,True
848-58-8050,Jennifer Holt,82,1,138771.88,90,3,True,True
492-26-1445,Alyssa Robbins,56,0,86017.96,25,2,False,True
647-89-7459,Nicole Harris,47,0,164482.45,70,3,True,True
759-77-4977,Emily Roberts,57,1,189131.24,97,0,False,True
361-42-0187,Tyler Medina,99,0,121448.01,57,2,True,True
757-82-5057,Nancy Perry,37,1,97000.31,72,2,True,False
181-83-3866,Kim Parker,28,1,130342.59,70,2,True,False
152-77-2656,Charlotte Morgan,92,0,160076.69,53,3,False,True
081-39-0374,Victoria Perry,48,1,132677.2,23,1,False,True
004-52-9676,Joseph Archer,25,0,158110.9,62,3,False,False
118-51-3387,April Smith,68,1,147421.56,57,0,True,True
800-21-3217,Jessica Evans,93,1,104979.87,89,3,True,True
272-18-5777,Jose Jones,28,0,99932.45,17,2,False,True
519-39-4729,Randall King,94,0,152428.33,58,3,False,True
077-88-0252,Andrew Russell,80,0,170825.01,83,1,True,True
126-48-1444,Jon Simpson,50,0,86917.48,63,0,True,False
282-12-0690,James Sanders,42,1,102715.03,31,3,True,True
216-56-3868,Jenna Davila,43,1,197012.34,37,2,True,True
416-14-0533,Alice Turner,99,0,162882.85,20,2,True,True
238-51-0183,Jennifer Stone,90,0,107568.09,33,3,False,True
149-64-2180,Justin Richards,77,1,190362.71,21,1,False,True
691-99-9063,Richard Faulkner,72,0,149653.19,13,2,False,True
416-69-8029,Felicia Brock,64,0,125318.68,11,2,True,True
467-37-5025,Crystal Mendez,80,1,84983.8,73,2,True,False
691-77-0893,Travis Lang,88,0,127434.15,51,1,True,True
208-18-0406,Gary Wu,64,0,198295.81,82,1,True,True
362-12-0087,Peter Silva,97,1,177345.12,43,0,True,True
349-89-7827,Laura Owens,95,1,95496.4,97,3,True,False
546-45-5575,Jacob Pena,81,1,170934.29,91,3,False,True
404-71-7304,Joseph King,34,0,183392.41,10,0,False,True
476-99-2545,Harry Clark,66,1,136461.56,71,0,True,True
556-25-8096,David Mccoy,97,1,98159.43,31,1,False,True
740-22-5213,Matthew Rose,25,1,158710.13,89,3,False,False
322-25-2103,Matthew Hall,96,1,102062.34,8,2,True,True
443-20-8641,Randy Martin,43,1,160395.82,44,1,True,True
450-84-8973,Kyle Lozano,86,0,158681.24,37,0,True,True
529-17-3832,Steven Eaton,34,1,113938.59,34,1,True,True
518-66-5048,Mr. David Williams,30,0,194568.92,55,3,False,False
667-23-0889,Peter Shields,46,1,156920.23,38,2,False,True
476-79-6908,Carlos Robbins,100,0,190810.77,29,0,False,True
700-43-3687,Daniel Ellison,39,0,176185.57,5,2,True,True
565-33-2019,Laura Kelly,48,0,147623.7,56,3,False,True
540-90-1248,Kathy Jefferson,24,0,128325.25,97,2,False,False
650-95-2496,Terry Crosby,25,0,195223.77,78,0,True,False
380-04-0147,Troy Roth,45,1,195899.35,8,0,False,True
122-40-4838,Michael Mahoney,69,1,114541.78,3,1,True,True
726-60-0184,Kelsey Clarke,68,0,97544.01,92,1,True,False
404-61-3652,Susan Chavez,40,0,196021.1,37,0,False,True
012-01-9560,Xavier Walters,51,1,131250.26,34,1,False,True
104-11-8988,Tara Oconnor,26,0,170400.65,90,3,False,False
346-71-9606,Pamela Boyd,38,0,84805.22,46,0,False,False
082-63-8027,Crystal Miller,81,1,89230.03,77,3,False,False
122-26-1923,Ronald Moreno,64,0,193634.79,61,2,True,True
397-66-3096,Kimberly Bauer,94,0,98760.66,73,2,False,True
426-77-2139,Christopher Hall,66,1,119320.11,27,1,True,True
327-08-2703,Sandra Nash,60,0,129542.68,6,3,False,True
519-14-3914,Donald Krueger,48,0,188035.01,44,1,True,True
161-68-3346,Melanie Harper,24,1,87573.35,1,1,False,True
311-19-4691,Jamie Tate,61,1,139344.4,5,0,False,True
340-52-3017,Alex Lindsey,45,0,189785.06,9,2,True,True
508-65-4728,Michele Garcia,26,0,152120.08,15,2,True,True
016-51-7463,Catherine Vazquez,83,0,115454.68,39,0,False,True
435-48-7081,Tony Smith,57,0,168960.88,21,1,True,True
795-69-9340,Nathan Griffin,36,1,91887.63,36,1,True,False
221-06-3088,Joy Gonzales,72,1,127913.18,2,3,True,True
777-98-7913,Stephen Salinas,54,1,127848.15,81,2,True,False
886-48-6919,Victoria Hampton,75,0,112958.29,7,0,True,True
747-65-1042,Brittany Morgan MD,29,0,94323.38,9,2,True,True
749-14-8441,Jill Moon,36,0,116133.74,17,3,True,True
522-02-6113,Derek Knox,38,1,164238.92,47,2,True,True
130-45-7532,Sarah King,49,1,168080.45,42,0,False,True
829-88-7894,Eric Webb,43,0,178842.94,40,1,True,True
852-58-2430,Denise Baker,100,0,113685.08,78,2,True,True
283-44-7464,Steven Pacheco,69,1,156312.57,66,0,True,True
872-79-1034,Kevin Giles,77,0,93274.69,53,3,False,True
275-06-6653,Nathan Diaz,20,1,80861.07,47,2,True,False
370-83-8778,Francisco Adams,59,0,187789.73,86,0,False,True
263-60-2991,Stephen Mathews,79,1,130719.94,42,3,True,True
157-20-7565,Carl Mendoza,72,0,180117.33,79,2,True,True
147-46-3342,Audrey Mercado,99,1,94946.13,79,2,False,True
252-22-5132,Christine Graves,60,1,104151.72,33,2,False,True
440-19-2523,Cynthia Sanchez,28,0,118359.2,89,1,False,False
406-59-7808,Renee Hall MD,76,0,158947.45,66,3,False,True
410-42-9356,Crystal Novak,38,0,138747.12,43,0,True,True
081-38-1354,Robert Perez,44,0,100907.3,60,3,True,False
883-91-2983,Dr. Rita Roman,51,0,146355.24,30,3,False,True
681-14-8259,Adam Hawkins,38,0,169295.04,46,2,False,True
634-10-7095,Calvin Fletcher,54,1,164849.9,50,2,False,True
649-76-4506,Andrea Davis,25,0,96783.74,63,2,False,False
634-98-6124,Brittany Mcconnell,43,0,146024.5,17,0,False,True
722-78-3671,Shawn Garcia,74,0,111089.63,89,1,True,False
814-31-5011,Scott Evans,63,0,83801.64,9,3,True,True
123-97-1486,Kristi Flores,25,0,129696.87,96,3,False,False
140-80-2143,Mrs. Danielle Bennett,61,0,171172.78,4,1,True,True
832-70-6604,Jill Khan,62,0,140026.84,43,3,False,True
674-63-8188,Robert Long,100,0,187421.29,84,0,True,True
153-74-4302,Brian Livingston,79,1,164406.72,32,3,True,True
273-61-4308,James Roy,89,1,142223.53,38,1,True,True
395-79-9594,Kristie Jacobs,80,0,193702.06,100,3,False,True
505-83-0052,Garrett Randall,54,1,132890.76,39,1,False,True
582-69-0009,Amanda Woods MD,67,0,170001.73,24,1,True,True
537-91-7690,Teresa Johnson,92,1,98111.09,84,1,True,False
846-22-2232,Caroline Powers,57,0,128181.21,62,0,False,True
258-28-0223,Matthew Carr,42,1,169814.46,65,2,False,True
217-13-0014,Ashley Ball,86,1,169105.08,77,3,True,True
139-43-0727,Paul Santos,56,1,174683.8,17,2,False,True
454-39-4664,Joe Rubio,45,0,129474.59,4,3,True,True
306-64-4000,Ronnie West,20,1,97590.67,71,1,False,False
690-23-3042,Brittney Haynes,99,1,147246.04,31,3,False,True
456-85-9929,Robert Sanders,82,0,165766.38,47,1,True,True
344-34-9414,Claudia Barrett,40,0,103317.18,99,3,True,False
839-51-0617,Denise Robinson,22,1,147808.63,67,2,False,False
409-78-9777,Christopher Hogan,23,1,99543.8,34,0,False,False
594-25-4884,Karen Noble,95,0,97432.86,7,2,False,True
196-77-1106,Joseph Pugh,52,1,128112.53,17,3,False,True
633-06-3131,Morgan Castaneda,77,1,187294.48,26,2,False,True
166-53-1381,Crystal Miles,76,0,173418.56,46,3,True,True
140-36-0919,Michelle Moon,70,1,84245.99,81,1,False,False
071-18-1047,Thomas Goodwin,78,0,96202.0,83,3,True,False
107-98-9657,Shannon Lopez,81,0,102763.58,63,1,True,True
343-45-4208,Lee Ryan,43,1,87919.43,15,2,False,True
752-62-2268,Courtney Miller,85,0,196549.96,33,0,True,True
710-44-1598,Katrina Parker,80,0,139470.75,46,0,True,True
536-04-0307,Aaron Morales,40,1,152225.71,20,0,True,True
851-30-7467,Matthew Franklin,55,0,115227.38,98,0,False,False
007-91-9939,Kristie Flores,89,0,136230.28,41,0,False,True
118-70-3177,Sarah Martin,65,0,194654.31,6,0,False,True
391-93-2986,George Williamson,42,1,188257.2,1,3,True,True
807-49-5883,Henry Jenkins,62,1,90114.08,47,3,False,True
388-45-2577,Rachael Francis,22,1,111919.72,85,0,True,False
488-55-4801,Yvonne Hardy,29,1,185802.12,19,2,True,True
670-08-4158,Ryan White,76,0,118368.17,81,3,True,True
792-75-0672,Donald Jenkins,40,1,99205.56,45,3,True,False
116-23-5876,Kevin James,31,0,136682.71,37,2,True,True
571-63-9144,Edward Bradley,62,1,94478.46,85,1,False,False
591-26-4402,Craig Smith,44,1,149841.63,80,0,True,False
383-31-7905,Thomas Arias,76,1,124368.78,94,1,False,False
420-78-5633,John Baker,88,0,177943.95,4,2,True,True
218-37-5507,Brittney Zamora,32,1,126653.16,21,3,True,True
448-90-5931,Angela Navarro,36,1,158364.94,38,2,True,True
532-83-0997,Traci Wright,64,0,126782.39,68,1,False,True
651-77-9532,Nicole Nunez,48,0,155950.95,94,0,False,False
067-29-0397,Brandon Wright,31,1,98488.31,53,0,True,False
636-51-6366,Kathleen Carter,31,0,179322.11,45,0,False,True
085-23-5404,Jason Johnson,83,1,192762.44,40,1,True,True
658-23-1696,Tina Garcia,82,0,97863.36,11,1,True,True
057-88-6167,Andrea Carter,44,1,99878.81,45,0,True,False
467-84-0722,Todd Freeman,28,0,128063.16,13,2,True,True
143-61-1588,Andrew Bishop,46,1,144950.37,60,3,False,True
378-47-4676,Philip Kim,89,1,132621.75,21,1,True,True
329-11-8767,Phillip Kennedy,62,1,117822.12,26,3,True,True
693-83-9470,Briana Andrews,66,1,178547.02,48,1,False,True
410-96-0477,Lynn Taylor,92,0,108190.38,25,0,True,True
892-90-7513,Harry Taylor,69,1,183188.38,83,1,False,True
889-23-9981,Michael Reese,47,1,157362.51,4,0,True,True
062-88-6462,Amy Owens,47,0,162646.07,65,3,True,True
853-73-1683,Caleb Nash,78,0,82266.51,12,1,True,True
632-22-1779,Kaitlin Townsend,41,0,195658.36,73,3,False,True
422-36-3516,Derek Potter,72,0,172911.26,83,1,False,True
593-68-2159,Amy Cowan,76,1,175782.32,12,1,True,True
481-86-8897,Kent Moses,49,0,84354.7,43,3,True,False
050-54-3337,Tina Dixon,45,1,109876.35,67,3,False,False
797-81-6796,Katie Johns,60,1,185049.09,80,2,False,True
491-10-3846,James Smith,99,0,141616.86,68,2,False,True
595-47-7979,April Anderson,96,1,81314.07,40,3,False,True
482-88-3193,Debbie Moore,48,0,110522.61,7,3,False,True
285-78-3328,Michael Gonzales,77,0,172991.6,43,0,True,True
772-80-3960,Debbie Smith,55,1,136939.91,34,0,True,True
471-75-8901,Bradley Murphy,86,1,153201.93,62,1,False,True
860-51-5609,James Gould,36,0,154088.66,81,3,True,False
136-34-9020,Abigail Watson,39,0,178267.03,84,3,True,False
235-39-1079,Jonathan Smith,88,0,177684.16,95,0,False,True
454-65-1890,Marissa Armstrong,30,0,124266.57,42,1,False,False
169-36-8678,Joshua Walker,20,0,141513.32,13,2,False,True
835-85-1757,Kristi Dominguez,61,0,148461.64,11,0,True,True
151-36-8334,Adrian Lee,49,1,125438.65,58,1,True,False
278-82-9967,Tanya Thompson,42,1,112985.73,7,0,False,True
130-96-5227,Michael Wong,36,1,105272.41,64,1,False,False
072-17-1753,Jaime Gonzalez,59,0,105311.02,90,1,True,False
832-22-5278,Matthew Gray,53,0,94228.15,70,3,False,False
865-64-3758,Dwayne Davis,85,1,144825.25,50,0,False,True
895-11-5508,John Davis,83,1,98559.15,67,2,False,True
664-52-5537,Jill Garner,75,1,149620.72,20,0,False,True
851-44-0308,Katherine Watts,90,1,86305.31,65,1,False,True
029-91-3081,Derek Gonzalez,99,0,146486.16,67,2,False,True
375-61-4751,Catherine Smith,25,0,159117.63,25,1,True,True
200-25-5604,Heather Holt,25,1,197235.66,15,0,False,True
785-19-0120,Shannon Cook,53,1,89364.84,33,1,True,True
434-43-3497,Nicole Miller,21,1,179531.55,1,1,True,True
261-84-5639,Timothy Levine,44,1,68063.99,27,2,True,True
564-72-4471,James Lopez,26,0,51319.52,34,0,True,False
551-93-0386,Sandra Logan,36,1,64217.92,8,2,False,True
205-55-0941,William Moore,92,1,73774.95,20,3,True,True
018-44-8332,Danielle Boyd,67,0,49390.88,47,3,False,True
440-70-2319,Robert Jones,94,1,72487.15,13,1,False,True
195-97-9305,Adam Henry,35,0,56104.49,73,0,True,False
101-80-9828,Julie Jackson,75,1,73542.82,70,2,False,True
363-22-3800,Sara Russell,40,0,64713.31,67,2,False,False
712-27-9802,Cindy Figueroa,50,0,57740.54,4,0,True,True
705-72-6944,Michael Gardner,61,0,55066.21,86,2,False,False
359-45-7344,Ann Fletcher,63,0,50281.86,75,1,False,False
539-51-0869,Tanner Gates,92,0,56120.35,24,3,False,True
502-57-6843,Chelsea Anderson,27,1,54808.54,92,1,False,False
162-27-7284,Jenna Spencer,49,0,62811.85,9,0,True,True
669-88-9324,Gary Gray,84,0,67234.9,32,2,True,True
346-75-1116,Derek Le PhD,68,0,77193.94,78,1,True,False
097-77-8938,Christian Jacobson,32,0,43837.69,3,2,False,True
855-71-3814,Kayla Richardson,79,0,76396.1,41,0,False,True
414-58-6702,Deanna Garcia,56,1,56027.92,41,1,True,True
412-56-6302,Tara Miller,77,1,47434.89,39,3,True,True
442-57-9307,Jennifer Howard,22,0,66585.24,62,0,False,False
280-66-4860,Jonathan Douglas,67,1,41797.14,16,2,True,True
840-07-9691,Amy Williams,86,0,75278.87,97,2,True,False
757-58-1820,Trevor Miller,93,1,48424.15,95,3,False,False
613-60-1719,Amanda Brooks,77,0,42074.91,98,1,True,False
788-92-7878,Jeffrey Davis,25,0,54920.53,62,1,True,False
152-56-4834,Emily Riddle,80,0,43522.16,90,3,False,False
693-12-7551,Kimberly Garcia,79,1,44330.55,35,2,False,True
432-81-5020,Matthew Robinson,60,1,71453.97,88,0,True,False
250-72-4564,David Torres,54,0,73252.11,23,2,False,True
072-38-6749,Austin Hernandez,29,0,73396.9,78,1,False,False
044-57-4624,Mark Potts,100,1,79235.67,94,3,True,True
729-82-8342,James Wood,97,0,53147.08,8,3,True,True
840-89-0031,Bradley Weber,81,0,59182.79,44,2,True,True
242-39-7491,Gary Robertson,57,1,74547.52,55,0,True,True
429-53-7257,Joseph Goodman,83,1,58465.36,23,0,False,True
384-81-9956,Kyle Mckinney,38,1,63844.79,9,2,True,True
569-26-2923,Chelsey Wilson,22,0,67867.62,39,2,True,False
014-74-1707,Jaime Martinez,42,0,73071.07,53,1,False,False
105-77-3786,Anthony Thomas,45,0,40310.98,6,1,True,True
408-01-0735,Christopher Gardner,38,0,79826.15,27,2,True,True
783-16-0523,Zachary Ramirez,68,0,72577.07,34,2,False,True
635-92-3271,Kristina Wolf,72,1,66770.24,81,1,False,False
386-52-9205,Kent Jones,53,0,46068.43,69,2,True,False
886-20-2564,James Hernandez,70,0,73250.2,64,1,False,True
669-31-5937,Julia Ramsey,46,1,59930.06,35,1,False,True
775-87-2362,Michael Silva,88,1,50801.18,85,3,False,False
857-90-9055,Andrew Woods,30,0,48166.28,92,1,False,False
101-32-8619,Patricia Turner,47,1,48229.8,66,0,False,False
128-22-7419,Crystal Espinoza,20,0,42867.88,75,1,False,False
454-18-7794,Paul Davenport II,80,0,73378.38,90,2,False,False
773-99-1653,Cristina White,43,1,61913.98,5,3,False,True
068-82-6653,Shirley Ross,100,1,40143.23,12,3,True,True
076-82-7047,Brendan Marquez,85,0,67341.9,26,3,False,True
471-98-4591,Joshua Smith,24,0,63685.69,50,1,True,False
235-23-1954,Sarah Garza,90,0,70201.8,46,0,False,True
721-49-8199,Nichole Compton,62,0,54392.18,18,1,True,True
434-58-4875,Wayne Rodriguez,55,0,72282.37,93,2,True,False
793-76-0286,Jonathan Hartman,37,1,69579.75,87,2,True,False
582-05-0696,Marie Williams,63,1,52455.88,21,2,False,True
426-44-9553,Deanna Mendoza,73,0,66575.96,2,1,False,True
432-28-0074,Jonathan Mclean,53,0,47837.3,94,3,False,False
163-30-8698,Scott Benson III,94,1,67945.2,1,2,True,True
301-21-5040,Jennifer Park,45,1,53726.77,52,3,True,False
152-69-7705,Amy Parrish,88,1,47986.56,8,3,False,True
843-91-6252,Miguel Smith,27,1,51737.89,74,2,False,False
200-19-1729,Mrs. Jessica Sherman,85,0,68487.38,11,3,False,True
143-21-3749,Anthony Conrad,40,1,53664.58,23,3,True,True
115-62-7544,Kelly Scott,80,0,59462.74,54,1,True,True
575-01-0039,Mary Johnson,59,0,76046.81,50,2,True,True
027-63-7106,Deborah Rich,41,1,68326.66,32,1,True,True
005-04-1762,Heather Perez,31,0,79246.53,74,1,True,False
148-66-7289,Alyssa Griffin,79,1,61599.15,74,0,False,False
162-87-2732,Stephanie Murphy,62,1,45125.84,8,2,False,True
684-52-5798,Brian Mejia,22,0,58080.8,68,3,False,False
059-08-9726,Jodi West,74,1,60261.32,8,2,False,True
471-83-6332,Kimberly West,99,0,62470.95,18,1,True,True
772-25-2278,Thomas Waters,39,0,61743.45,88,2,False,False
014-74-8724,Jesse Kent,34,1,53995.82,9,0,False,True
329-34-1869,Donna Durham,35,0,78093.99,5,2,True,True
425-50-1262,Daniel Thompson,86,1,49390.12,22,0,False,True
003-60-3507,Robert Clark,95,0,63543.13,22,0,True,True
315-27-2408,Karen Perkins,22,0,69474.16,68,2,True,False
034-15-8495,David Perry,68,0,70359.69,56,3,True,True
543-73-4553,Robert Fry,61,1,77810.31,61,1,True,True
656-96-2179,Heather Coleman,94,1,77903.14,4,3,False,True
652-47-3269,Suzanne Graves,72,1,62275.22,84,2,False,False
742-54-1218,Joshua Noble,48,1,50915.13,89,0,False,False
746-63-8886,Judy Sanders,72,1,74017.33,6,1,False,True
404-04-8438,Holly Williams,70,1,63641.65,19,2,True,True
582-70-7387,Emily Smith,51,0,63263.74,98,1,True,False
706-30-8609,Jack Moses,65,1,71491.55,1,1,False,True
423-34-4488,Michael Horn,98,0,40201.36,42,3,True,True
655-14-2158,Cynthia Garza,91,1,60370.47,11,0,False,True
037-25-0415,Maria Adams,95,0,53533.94,91,3,False,False
655-61-1148,Michelle Clark,76,0,76668.43,90,1,True,False
172-76-1051,David Wilkinson MD,78,0,79836.18,9,1,True,True
569-86-0844,Michael Smith,78,1,72736.41,29,1,True,True
723-66-1684,Dorothy Rodriguez,80,1,50508.15,30,3,False,True
366-92-8555,Melissa Morgan,88,1,75287.14,69,3,False,True
539-54-9995,Julie Campos,96,1,45335.75,32,1,True,True
798-18-4690,Catherine Wood,82,1,44176.81,25,2,True,True
345-31-7795,Tanner Dawson,83,1,49758.91,87,3,True,False
810-74-5779,Brianna Alexander,94,1,76585.37,24,0,False,True
059-12-0360,Nathaniel Young,35,1,44847.45,53,3,False,False
196-50-8666,Regina Key,49,1,71589.36,44,0,True,True
339-30-9911,Ryan Jones,48,0,67592.01,36,2,True,True
826-41-0564,Jessica Larsen,92,1,74046.01,65,2,True,True
225-46-0613,Dale Avila,42,1,64500.31,74,1,False,False
741-71-8955,Gregory Wood,68,1,79454.23,7,2,False,True
065-32-7718,Nathan Gibbs,68,1,45995.78,34,3,False,True
613-42-6444,Jay Huber,46,0,75561.27,28,2,True,True
657-34-2286,Steven Weber,37,1,74650.4,22,1,True,True
457-36-0342,Sandra Pennington,93,1,48650.14,51,1,False,True
145-30-7423,Sarah Morgan,87,0,41529.66,86,0,False,False
194-72-3150,William Edwards,32,1,68111.83,8,1,False,True
450-06-6323,Jeff Boyd,89,0,60456.53,19,3,True,True
726-11-9403,Kevin Scott,34,0,42181.29,59,0,False,False
338-05-0069,Mark Knight,36,0,66103.24,55,2,False,False
064-68-1458,Katrina Harris,59,1,51672.53,48,0,True,False
284-61-4144,Dawn Villegas,76,0,56442.04,78,3,True,False
449-64-8910,Caleb Myers,83,1,47158.6,74,2,True,False
116-05-2101,Rhonda Chapman,63,0,41055.43,16,3,False,True
259-89-6915,Sandra Washington,68,1,71081.56,21,1,True,True
132-57-8266,Cynthia Hubbard,76,1,66821.69,4,0,True,True
004-32-2928,Betty Taylor,61,1,53011.57,23,0,True,True
532-14-7104,Timothy Brown,22,0,45240.57,62,2,True,False
384-49-1444,Megan Williams,44,0,72471.62,21,1,True,True
337-01-8310,Mary Wallace,30,0,58914.63,77,3,False,False
459-28-4584,Timothy Palmer,97,1,60889.64,16,1,False,True
061-85-1631,Christopher Caldwell,47,1,42377.08,15,2,True,True
760-41-3739,Nicholas Richards,85,1,47410.08,56,1,True,True
510-72-8559,Russell Hernandez,49,0,78379.53,72,2,False,False
492-96-7119,Lee White MD,85,0,47738.75,78,0,False,False
496-05-5765,Lisa Gates,83,1,54976.95,53,2,False,True
394-96-2943,Kelly Parker,78,0,71770.45,93,3,False,False
472-92-0446,Sara Williams,23,1,42827.17,3,0,True,True
465-80-8231,Bruce Carr,44,1,50456.98,89,3,True,False
357-29-1482,Rebecca Vance,98,1,78286.13,19,3,True,True
209-89-6018,Michael Gutierrez,26,1,65955.84,95,1,False,False
249-43-0419,John Ruiz,62,0,45379.84,88,0,True,False
397-38-2358,Amber Fitzgerald,79,1,44063.13,89,1,False,False
517-47-0052,Tom Kane,98,0,66058.31,53,2,False,True
625-76-1338,Amanda Montgomery,72,0,65375.35,37,3,False,True
734-87-6507,Rose Turner,54,0,57862.79,69,1,False,False
620-30-0227,Megan Carpenter,67,1,50778.96,92,3,True,False
051-39-1681,Jocelyn Chaney DDS,85,0,72719.17,7,3,True,True
284-11-6197,Vincent Harris,55,1,78481.85,58,0,False,True
816-77-2524,Wayne Alexander,37,0,41245.56,9,3,False,True
439-82-6253,Henry Smith,67,1,53762.02,68,3,False,False
256-59-7046,Bianca Marks,68,1,57700.2,12,3,False,True
354-15-0266,Allison Lucas,71,1,72428.35,61,0,True,True
061-38-8640,Heather Sanchez,84,1,64858.9,54,3,False,True
642-83-6856,Andrew Nguyen,52,1,53183.06,2,2,True,True
031-04-1130,Rebecca Arnold,46,1,54323.62,94,2,True,False
494-63-3440,Brandon Moore,67,1,70050.22,6,3,True,True
097-19-3895,Jaclyn Brown,36,1,56748.45,61,3,False,False
290-95-1153,Kelly Erickson,44,0,62413.74,51,0,True,False
091-02-2650,Jennifer Foster,33,0,54381.04,47,3,False,False
521-13-4356,Bradley Marshall,71,0,72030.42,72,2,True,True
596-89-4111,Adrian Bradley,94,1,73596.32,91,3,False,True
500-71-6807,Charlotte Jones,60,1,40618.05,14,2,False,True
641-99-0299,Mark Brown,36,0,40587.38,100,0,True,False
042-46-2883,Angela Cook,44,1,75916.92,28,0,True,True
491-04-0536,Susan Weeks,72,0,77734.19,98,2,False,False
663-30-9807,Barbara Sullivan,88,0,61140.49,29,1,True,True
762-61-0400,Paul Vance,81,0,45244.38,72,1,True,False
370-23-7374,Jennifer Leblanc,89,1,54266.52,47,1,False,True
188-06-9174,Lindsey Rose,36,1,52335.1,59,0,True,False
152-84-3336,John Garcia,67,1,47201.16,78,1,False,False
231-30-4407,Kimberly Farmer,56,1,47432.67,23,0,False,True
222-55-0972,Kristen Padilla,24,0,44574.01,27,3,False,False
380-32-8893,Jeffrey King,30,0,48247.08,29,2,True,False
233-57-7527,Dale Campbell,22,1,52241.69,50,2,True,False
156-28-1301,Paul Perry,90,1,54196.06,70,0,True,False
641-09-2089,Andrea Chandler,61,1,62508.92,20,3,True,True
179-59-2728,Trevor Brown,38,1,72286.21,61,2,False,False
215-34-8290,Jason Quinn,40,0,75989.35,29,0,False,True
294-30-3461,Pamela Green,82,1,53614.99,57,2,True,True
582-90-8367,Andrew Anderson,81,0,61905.93,69,2,True,True
620-87-6052,Caleb Graham,76,0,49680.19,59,2,False,False
043-15-5134,Pamela Munoz,90,0,75676.11,59,1,False,True
033-73-0763,Susan Perez,66,1,79781.08,22,1,True,True
789-87-1430,Kimberly Gomez,25,1,62147.54,69,3,True,False
002-92-8315,Jennifer Shea,87,0,53743.38,36,2,True,True
820-06-5990,Michael Roberts,57,1,60802.42,74,1,True,False
849-79-9328,Amy Rogers,89,1,77054.05,21,2,False,True
699-40-8983,Kimberly Riley,98,0,45048.41,37,0,True,True
305-43-2904,Marcia Barnes,52,1,45925.76,85,3,True,False
616-10-4277,Jessica Lopez,58,0,67803.93,100,1,True,False
030-04-4676,Denise Frye,67,0,48667.62,76,2,True,False
876-93-3838,William Schneider,95,0,78852.08,28,1,False,True
463-23-5066,James Sosa MD,52,0,44849.02,2,3,False,True
022-07-0668,Jeffrey Smith,73,0,41196.37,73,2,False,False
748-44-7043,Taylor Stewart,94,0,58055.22,71,2,False,True
196-75-4993,Jennifer Burton,77,0,65178.79,62,3,False,True
589-36-8031,Michael Gonzalez,100,0,47920.14,77,1,True,False
450-24-2638,Christine Powell,69,0,58514.01,75,2,True,False
373-37-2934,Joel Watson,35,1,45065.06,27,1,False,False
185-01-5629,Tonya Carter,77,1,46984.21,21,0,False,True
236-14-7698,Gordon Rose,29,1,45248.48,57,2,True,False
240-70-2927,Lee Stuart,93,0,74158.33,3,1,True,True
137-75-9944,Ronald Chambers,100,0,51325.4,75,0,False,False
480-09-8570,Scott Lawrence,25,1,53166.48,47,0,True,False
130-06-5874,Kenneth Gordon,47,1,72853.86,40,2,False,True
201-86-9583,Donna Cole,47,0,66613.58,78,2,False,False
096-62-8984,Russell Rodriguez,63,0,74082.77,7,2,True,True
643-91-3916,Dean King,54,0,45720.85,57,2,False,False
652-82-5630,Kayla Parker,39,1,79190.65,91,0,False,False
207-39-9726,Tyler Cole,94,0,48177.63,92,3,False,False
347-63-4096,Jennifer Smith,65,1,78034.14,83,3,False,False
767-61-5156,Cynthia Harper,28,0,52650.52,74,1,True,False
514-27-3921,Mary Thomas,24,0,59049.17,21,1,True,False
851-02-9229,Angela Harris,45,1,55983.29,49,1,False,False
230-57-2856,Mr. Larry Contreras MD,99,0,65707.79,88,2,False,True
043-18-5324,Raymond Choi,21,1,69696.14,13,2,True,True
251-73-8743,Paul Morton,64,0,61329.27,28,3,False,True
032-68-0327,Mark Poole,77,1,74831.39,68,1,True,True
516-92-7498,Caleb Wagner,26,1,53602.48,89,3,False,False
562-81-9089,Julie Hansen,37,1,43417.0,8,2,True,True
819-45-4219,Barbara Thomas,20,0,48553.56,2,3,True,True
142-42-5066,Andrea Klein,26,1,54073.77,39,2,False,False
299-67-3266,Michael Hall,35,1,73974.26,77,2,False,False
094-61-7717,Dr. David Hansen,63,1,73804.72,98,1,True,False
163-51-8273,Hannah Williams,47,0,58684.45,86,0,True,False
691-63-5207,Julie Nichols,29,1,45571.13,53,3,False,False
045-66-4200,Natasha Lewis,49,0,62039.48,7,1,True,True
029-05-4379,Clayton Woods,75,0,46509.26,26,3,True,True
325-66-0540,Elizabeth Thomas,92,1,43068.26,25,2,False,True
446-68-6753,Cody Todd,74,0,55241.82,6,1,False,True
806-22-2974,Isaac Roberts,29,1,60967.04,49,3,True,False
068-06-0829,Jack Lang,22,1,42939.86,96,0,True,False
852-08-1970,Whitney Murphy,49,0,56370.55,15,3,True,True
094-25-0138,Sarah Nelson,100,1,58077.39,1,0,True,True
860-41-0685,Omar Brooks,62,1,64365.19,20,1,False,True
434-08-2372,Benjamin Reese,92,0,50943.55,97,3,False,False
438-58-5583,Robert Hernandez,67,0,63140.73,46,0,False,True
221-66-8832,Sabrina Orr,68,1,75188.28,11,3,True,True
364-49-1163,Cody Valdez,80,0,44293.51,94,0,True,False
816-88-0367,Robert Shelton,34,1,65132.06,13,2,False,True
895-46-9325,Angela Scott,93,1,73998.56,42,1,True,True
317-04-8518,Joan Hernandez,89,1,69752.04,86,2,False,True
210-97-2841,Christina Nicholson,39,0,73256.44,16,1,True,True
790-11-4571,Christina Carpenter,23,0,43730.9,100,1,True,False
270-01-6332,Peter Cardenas,34,1,44573.43,15,2,False,True
287-04-6695,Destiny Huynh,100,0,71268.02,2,1,False,True
824-67-6045,Michelle Jones,28,1,48283.01,60,3,True,False
062-60-1364,Ian Thomas,22,1,44499.0,35,2,False,False
137-90-7616,Bill Gray,88,0,41726.43,65,0,True,False
025-87-9991,Amy Ruiz,56,1,68937.03,28,2,True,True
112-66-4492,Anthony Greer,34,0,50693.19,66,1,True,False
212-29-2616,Karen Murphy,42,0,51016.75,84,1,True,False
598-82-4622,Grant Davis,65,1,72127.87,32,3,True,True
082-24-6686,Vanessa Tucker,78,0,70195.34,99,0,False,False
512-26-0739,Corey Clay,36,0,45994.39,69,2,False,False
120-29-3946,Rebecca Kelley,20,0,52855.12,58,1,True,False
811-40-6584,Courtney Barnes,33,0,43210.59,87,2,False,False
471-09-5034,Barbara Erickson,50,0,49318.56,76,1,False,False
647-24-6740,Bianca Walker,86,0,57846.51,66,2,False,True
027-75-8596,Anthony Brock,85,1,50877.99,67,0,True,False
877-53-9514,Michael Powers,41,1,66243.77,68,0,True,False
517-25-5404,Michael Gardner,58,1,79091.98,8,0,True,True
634-26-6807,Kelly Wilson,20,1,43497.33,100,3,False,False
257-54-0271,Kevin Matthews,63,1,47023.84,89,2,False,False
773-35-8256,Elizabeth Harper,77,1,76317.91,39,0,True,True
637-38-4110,Sandra Marshall,97,0,51223.7,58,0,False,True
808-47-5275,Elizabeth Howell,49,0,61775.82,55,1,True,False
744-46-5009,Jennifer Oliver,51,1,43387.64,39,3,True,False
076-86-2348,Kristopher Lee,90,0,73017.28,94,2,True,False
545-04-1674,Michael Lucero,24,0,79508.9,77,2,True,False
105-21-4971,Alyssa Osborn DVM,92,0,50117.8,19,3,True,True
497-95-5023,Lori Henry,70,0,62697.54,54,1,False,True
195-27-1694,Stacey Wallace,31,0,40384.38,92,1,True,False
640-21-5604,Diane Reynolds,64,1,56820.96,55,1,True,False
309-06-5623,Robert Lamb,43,1,79073.72,11,0,True,True
642-01-5524,Timothy Guerrero,49,0,56577.7,16,3,False,True
687-02-6953,Danielle White,47,0,74452.6,48,0,True,True
349-97-9213,Sara Lopez,34,0,43637.58,19,1,False,True
581-68-8066,Amanda Mclaughlin,63,1,58312.97,78,0,True,False
152-58-6901,Gregory Stark,80,0,42523.76,18,0,True,True
810-53-7492,Philip Miller,42,1,57536.97,37,0,True,False
563-90-7993,Megan Jenkins,78,0,46637.67,90,1,False,False
743-20-5513,Kimberly Lopez,65,1,77040.64,67,0,True,True
487-11-8841,Spencer Miller,34,0,46298.06,70,1,True,False
348-99-4588,Heather Mann,79,1,54430.49,71,0,False,False
518-58-4087,John Castro,72,0,78987.0,66,1,False,True
573-90-4555,Kayla Richards,67,0,56672.96,7,1,True,True
574-58-6040,Cindy Carroll,22,0,40180.86,97,1,False,False
165-02-3397,Beverly Osborne,45,1,40337.83,86,0,True,False
339-90-6509,Leah Young,71,0,58424.8,35,3,True,True
598-16-1688,Maria Henson,54,0,53517.6,69,3,False,False
461-84-6463,Jacob Hill,47,1,44124.46,26,1,False,True
591-17-7232,Adam Jones,98,1,58686.39,17,1,False,True
212-31-8894,Jennifer Williams,20,0,65589.52,28,3,False,False
194-88-0489,Christine Macdonald,95,1,67864.93,49,2,False,True
114-13-4029,Roy Becker,79,1,44112.23,55,0,False,False
723-95-1042,Jason Ellis,97,0,44571.33,26,0,False,True
740-42-4953,Charles Matthews,25,1,55663.94,31,3,True,False
694-59-8023,Joshua Sullivan,51,1,77017.57,43,3,True,True
506-68-6988,Alex Morales,82,0,69131.65,35,1,False,True
571-33-5517,Patricia Patel,91,1,51465.57,82,0,True,False
671-63-0363,Matthew Davis,98,1,75206.92,67,2,False,True
432-18-5838,Daniel Webb,32,0,77458.68,34,0,False,True
114-92-2015,Alyssa Li,35,1,40065.56,82,3,True,False
637-20-6281,Tanner Fisher,82,0,67724.62,55,2,True,True
408-83-8569,Christine Underwood,89,1,65367.36,11,1,False,True
719-73-3474,Jonathan Fowler,86,1,42538.2,30,1,True,True
270-11-6982,Mark Raymond,41,1,42185.36,50,2,False,False
816-04-7472,Michael Cain,38,0,40632.78,28,2,True,False
279-67-9198,Adrian Morgan,28,0,41805.22,65,1,False,False
294-74-5693,Lisa Tanner,79,0,60428.95,34,2,True,True
556-63-5442,Christina Ortega,99,1,70686.06,54,1,True,True
695-76-1848,Scott Rodriguez,52,1,45717.52,51,2,True,False
387-94-9525,Denise Myers,79,0,54128.57,76,2,False,False
598-33-6099,John Roy,90,0,46422.7,30,3,False,True
008-14-4420,Heather Webster,86,0,78416.81,4,0,True,True
385-88-1471,Christopher Garner,86,0,48613.06,56,1,True,True
619-13-7679,Brittany Hale,56,1,75414.85,44,3,True,True
682-12-2504,Natalie Burnett,85,0,68087.44,78,0,True,True
393-20-1042,Andrea Brooks,24,1,55883.56,62,0,True,False
471-32-7251,Mr. Eric Nguyen,22,0,51222.1,2,2,True,True
443-23-8831,Mark Davidson,77,0,76245.93,84,3,True,False
724-20-3433,Karen Lopez,45,0,71657.47,45,0,False,True
864-61-3995,Terry Wells,28,1,58318.6,75,3,True,False
455-38-6525,Amy Blevins,92,0,63402.86,36,0,True,True
189-99-2168,Antonio Lopez,54,1,40118.35,70,3,False,False
740-56-5275,Rodney Dawson,38,0,67846.16,78,1,False,False
896-40-3082,Mark Smith,66,0,47437.59,17,0,True,True
402-23-4123,Elizabeth Foster,96,1,77707.51,84,0,False,True
344-22-5547,Daniel Dominguez,81,0,45791.29,5,0,False,True
370-43-5417,Terry Harris DVM,72,1,54123.78,87,2,True,False
868-08-0016,Stephanie Bailey,90,1,55773.9,21,2,False,True
233-61-9517,Joshua Holmes,57,0,43337.61,62,1,False,False
829-80-0372,Samantha Howard,28,0,45753.19,68,2,True,False
209-31-3243,Katie Hatfield,81,0,50331.14,33,2,False,True
078-99-2502,Nicholas Weaver DVM,35,0,74952.58,91,3,True,False
115-76-1302,Joseph Parker,69,0,76595.52,72,2,False,True
611-97-5644,Ronnie Joyce,72,0,53204.1,61,2,True,False
841-52-7377,Matthew Johnston,68,1,63059.05,17,3,True,True
367-62-1982,Tyler Hogan,48,1,53547.57,56,3,False,False
676-27-8980,Troy Bowen,93,1,52805.59,76,1,False,False
865-26-8011,Lisa Adams,56,0,49597.96,3,2,False,True
804-99-3343,John Mcintyre,36,1,60961.24,59,0,True,False
227-87-8714,Erika Williams DVM,29,0,60743.93,88,3,False,False
496-14-2661,Christian Brown,40,0,74711.67,67,2,False,False
404-64-1889,Dawn Ruiz,52,0,74790.1,22,2,True,True
436-28-1049,William Carroll,25,0,78253.87,8,1,True,True
467-91-8554,Lynn Peters,57,1,48484.71,67,0,True,False
218-89-6330,Jacqueline Malone,75,0,63136.93,56,2,True,True
348-62-7333,Megan Harris,25,1,53085.99,8,2,False,True
252-51-9468,Eric Williams,29,0,52141.68,79,2,False,False
894-77-8469,Nicole Rivera,86,0,43702.08,59,1,False,False
116-90-9969,Veronica Gray,44,1,78798.93,20,0,True,True
731-51-1492,Edward Hodge,66,0,49298.66,9,0,False,True
260-29-5623,Lance Williams,38,1,71055.49,31,3,False,True
512-39-8323,Cynthia Beard,22,1,73493.85,25,0,True,False
751-56-8341,Kenneth Luna,34,1,63811.51,6,2,False,True
410-49-7449,Andrew Cox,89,0,74975.61,84,0,True,True
177-04-6002,Richard Velasquez,85,1,77899.93,70,1,False,True
203-81-7122,Jacob Atkins,47,0,43619.61,89,1,True,False
395-71-4890,Cindy Blake,81,0,76741.03,23,1,False,True
896-28-3530,Kyle Walker,99,0,63458.84,27,2,False,True
769-62-3410,Brian Allen,26,0,79383.45,45,1,True,False
782-60-8962,Tammy Coleman,80,0,43211.93,51,1,True,False
384-57-0114,Amber Olson,56,0,58213.07,14,1,True,True
622-79-7435,Douglas Steele,77,1,68910.68,12,0,False,True
324-10-6724,Francisco Guzman,43,0,55643.45,5,3,True,True
056-17-3848,Brooke Lopez,75,1,48160.86,46,3,True,True
779-05-5765,Shawn Shelton,66,0,77762.99,11,0,True,True
670-22-8605,Travis Rivera,79,1,74952.24,9,1,True,True
564-58-5688,Angelica Taylor,67,1,40421.93,67,1,False,False
509-37-9466,Laurie Watson,88,1,58454.9,33,2,True,True
489-25-6932,Edward Patel,90,1,68496.96,98,1,True,False
184-36-0124,Sandra Ortiz,61,0,62770.08,52,2,True,True
668-67-8123,Vanessa Williams,69,1,51605.48,13,2,False,True
664-55-3591,Alex Salazar,71,0,45540.57,55,2,True,False
092-89-8462,Eric Aguirre,37,0,52319.86,19,2,False,True
089-81-4831,Deborah Juarez,33,0,72972.48,99,1,True,False
499-20-2344,Melinda Allen,83,1,61519.64,32,3,False,True
883-68-0861,Gabrielle Harris,25,1,63252.7,14,2,True,True
143-95-6204,Tracie Clark,28,1,62846.25,71,0,True,False
716-93-5542,Ashley Anderson,68,0,72065.13,97,3,True,False
333-73-9538,Mark Coleman,25,1,60367.8,97,3,False,False
379-36-4032,James Brown,92,1,53877.96,83,1,True,False
860-42-2104,Amanda Bryan,73,1,54327.75,18,0,True,True
178-13-1575,Allen Sutton,43,1,50814.9,71,3,True,False
797-58-1724,Kendra Walsh,61,0,76561.52,22,0,True,True
875-32-9539,Tammie Torres,49,1,75090.9,86,3,False,False
587-78-6421,Jose Sullivan,54,0,52904.26,70,0,False,False
590-90-3031,Tamara Young,45,0,40288.24,38,3,True,False
583-52-9530,Brad Hess,51,0,42651.76,95,1,True,False
448-97-6688,Jermaine Stanley,31,0,56094.34,30,2,False,False
429-92-0636,Lisa Montoya,43,0,74276.09,94,0,True,False
598-96-5289,Misty Schultz,73,1,53136.05,85,0,False,False
826-84-9793,Emily Stark,85,1,48746.5,11,2,False,True
793-19-4589,Joanne Robinson,85,1,50557.1,74,1,True,False
416-37-0424,Dylan Smith,88,0,71695.15,52,2,True,True
722-22-0791,Anthony Miller,20,0,47579.91,53,3,True,False
640-88-4028,Ronald Stephens,81,1,67646.2,3,3,True,True
254-69-7256,Victor Hernandez,72,1,28119.6,24,3,True,True
835-86-3178,Scott Zuniga,84,1,32753.99,59,2,True,False
594-28-3509,Cindy Silva,61,0,20661.84,63,2,False,False
044-21-8318,Cynthia Walker,61,0,22508.96,11,0,False,True
756-33-9336,Steven Beck,52,0,25072.16,59,2,True,False
241-88-0409,Beverly Mcbride,82,0,21971.96,24,2,False,True
242-07-8176,Rebecca Baker,41,0,20439.13,86,3,False,False
822-46-5903,Mark Harding,74,0,21680.49,3,2,False,True
238-92-3513,Wanda Martinez,53,0,27722.56,49,3,False,False
091-62-1354,Paul Carter,30,1,33605.54,71,3,False,False
392-16-2069,John Anderson,20,1,39717.74,7,0,True,True
460-39-4155,Kristin Atkins,58,1,24809.07,31,3,False,False
317-45-0920,Joseph Payne,34,0,37768.6,68,2,False,False
076-77-2196,Benjamin Strong,62,0,39249.95,31,1,True,True
849-53-4643,Kristy Mcdonald,67,1,35130.55,30,2,False,True
262-89-3415,Erin Medina,84,0,25285.62,17,3,False,True
322-12-9544,Andrea Jones,87,1,32632.35,81,1,True,False
153-92-7762,Angel Hobbs,70,1,25433.35,97,1,True,False
671-02-3927,Sophia Johnson,91,1,35942.43,54,1,False,False
610-84-3630,Ricky Fernandez,76,0,30598.59,11,0,True,True
825-32-1716,Jesse Sawyer,22,1,36605.97,26,2,True,False
555-60-4819,Tina Chapman,61,0,32053.57,22,3,False,True
182-46-6082,Tony Johnson,96,0,37313.95,15,0,True,True
179-41-1445,Alexander Snyder,100,1,36568.22,63,0,False,False
578-52-9568,Colin Gomez,38,0,30628.07,32,1,True,False
582-13-3989,Diana Barton,75,1,22475.9,44,0,False,False
144-65-2692,Peggy Vincent,79,0,39494.98,72,3,True,False
073-14-5712,Latasha Newton,97,1,35987.8,99,2,False,False
130-24-5566,Jacob Williams,36,0,31319.84,82,1,False,False
462-94-5116,Darlene Zimmerman,21,1,32499.04,4,1,False,True
191-81-5344,Cindy Rodriguez,60,0,33141.18,80,0,False,False
187-74-2767,Natasha Padilla,59,1,20623.33,55,2,True,False
546-08-3945,Lauren Stanley,46,1,25630.64,70,1,True,False
433-55-4519,Christopher Franco,68,1,26370.12,5,2,True,True
732-81-0340,Dustin Holloway,89,1,32233.07,67,2,True,False
707-42-5941,Kevin Miller,80,0,25107.82,88,0,True,False
204-64-0741,Jay Phillips,75,1,29831.17,77,3,False,False
786-52-5254,Leonard Johnson,28,0,22159.74,99,3,False,False
420-83-5519,Tammy Taylor,80,0,28105.58,75,0,False,False
778-78-6135,Elizabeth Graham,34,0,36329.28,27,0,False,False
074-67-3325,Christine Vargas,52,0,33546.45,40,2,True,False
334-32-2150,Kelsey Jones,63,0,21155.3,47,2,False,False
402-78-2174,Cory Valdez,77,1,25204.8,75,1,True,False
246-54-3874,Dawn Stevens,60,0,29796.35,69,0,False,False
061-02-9303,Tara Jackson,99,0,39960.65,28,0,False,True
733-01-1283,Luis Wilson,55,0,32277.45,25,0,False,True
629-15-2403,Patricia Gutierrez,48,1,34870.73,37,0,False,False
400-04-8024,Vanessa Lynch,83,1,22895.8,87,0,True,False
786-04-0641,Chris Marsh,59,0,21868.95,93,3,False,False
445-94-1527,Betty Patel,70,1,23358.77,53,2,False,False
504-23-4265,Logan Brooks,78,1,35544.88,86,2,True,False
121-33-8927,Lori Wright,93,0,27903.05,23,1,True,True
291-47-8535,Michael Powell,61,0,28988.57,66,0,False,False
188-01-9188,Steven Decker,61,1,28304.84,40,2,False,False
387-41-5048,Andrew David,47,1,38627.82,64,1,False,False
247-46-8427,Ashley Avila,82,0,25287.72,8,3,True,True
506-69-3468,Alan Bailey,95,1,35178.96,34,3,True,True
688-97-3978,Alexander Yang,57,1,21355.13,38,0,False,False
395-65-8369,Brenda Taylor,59,0,20538.11,63,0,False,False
419-53-2661,Luis Vargas,68,0,30347.82,29,3,False,True
686-31-3624,Roy Alexander,71,0,28701.15,17,1,False,True
132-28-9185,Gary Torres,42,0,35763.22,11,1,False,True
593-97-3308,Linda Luna,65,0,25362.92,77,0,True,False
216-18-9968,Michaela Payne,47,0,21354.48,32,1,False,False
016-60-7989,Sarah Farrell,57,0,21529.37,93,0,True,False
495-70-3443,Rebecca Becker,46,1,30777.59,59,2,False,False
326-03-7169,Megan Clayton,40,1,31234.0,38,1,True,False
599-43-9829,Gary Jackson,82,1,27328.4,96,1,False,False
374-73-4469,Randy Francis,47,0,26892.6,90,2,False,False
348-63-1731,Elizabeth Cruz,84,0,25473.7,39,1,True,False
751-42-3316,Douglas Henderson,44,1,22419.62,38,0,True,False
870-69-6435,Amy Hinton,83,1,39549.07,4,1,False,True
752-84-1368,Nicholas Fisher,35,0,37933.53,81,2,True,False
849-46-3408,Charles Mcintyre,56,1,37062.65,59,0,False,False
833-17-8958,Brian Sellers,95,1,30171.04,42,0,False,False
719-68-8809,Jodi Bridges,94,1,28918.56,41,2,True,False
581-36-6599,Joseph Swanson,22,0,21538.2,79,1,False,False
849-81-4973,Carolyn Anderson,86,0,33983.22,3,1,True,True
817-35-1537,Jill Bell,58,0,26787.24,48,3,True,False
463-95-6898,Michael Moon,25,0,20705.52,88,2,True,False
558-95-4262,Christine Ramos,63,1,39842.55,79,0,False,False
653-15-9533,Jessica Edwards,33,1,38697.71,77,2,False,False
493-95-7007,Tyler Sanders,61,0,24154.53,63,1,False,False
171-77-8292,Christopher Wade,47,1,28144.58,8,1,True,True
853-20-5483,Kendra Mathis,23,1,29383.92,40,3,True,False
475-56-9180,Benjamin Gilbert,34,0,36916.66,13,2,True,True
869-63-6875,Holly Webb,92,0,22959.81,26,3,True,True
634-38-9023,Nathan Weaver,34,1,29817.59,37,1,True,False
722-43-2188,Erin Gray,81,0,28961.38,18,2,True,True
603-13-4985,Sharon Andersen,40,0,23987.6,100,0,False,False
824-98-6233,William Hogan,46,1,37328.04,28,1,True,False
230-50-8036,Rachel Shields,60,0,37182.34,9,2,True,True
366-87-9333,Kristy Thomas,66,0,38758.12,41,2,True,False
700-66-2764,George Robinson,93,1,20042.88,94,2,False,False
734-77-1189,April Hines,39,1,31400.41,42,0,False,False
227-97-2140,Eddie Fox,70,1,24931.54,25,3,True,False
144-91-3510,Heather King,69,0,31736.57,74,1,False,False
029-62-3883,Wayne Watkins,97,0,24604.83,95,0,True,False
159-79-8391,Brenda Little,65,1,27096.22,27,0,True,False
142-06-4243,Mr. Drew Stephens,94,1,33464.96,79,1,False,False
520-96-0105,Thomas Mays,70,0,35220.2,87,2,False,False
288-84-0293,Barbara Holland,95,0,27620.11,35,0,True,True
236-85-4278,Lindsey Solomon,92,1,38571.93,79,0,False,False
578-72-9072,Christina Young,20,0,31619.82,77,1,True,False
495-24-8544,Gregory King PhD,25,0,34252.57,91,2,False,False
286-75-8681,Ariana Conner,58,1,34162.32,78,2,True,False
461-32-4549,Thomas Ball,79,1,33233.6,71,0,True,False
815-09-1182,Robert Montgomery,91,0,23685.29,68,3,True,False
487-20-8151,Christine Solis,40,1,37043.14,89,0,False,False
684-67-7256,Chelsea Montoya,55,0,27198.03,73,0,False,False
217-43-7572,Ryan Miller,89,0,27599.96,68,2,True,False
028-18-8411,Arthur Gonzalez,62,0,28133.56,31,1,False,False
677-61-5395,Thomas Kim,74,0,35186.62,29,3,True,True
403-37-6674,Carol Hudson,55,1,21839.55,17,3,True,True
803-75-2824,Jeffrey Padilla,89,0,24528.84,5,3,True,True
183-93-6553,Christine Stephens,65,0,23905.4,97,1,True,False
790-33-5918,Elizabeth Stout,49,0,32018.46,58,1,False,False
779-56-9751,Sarah Rodriguez,53,1,29000.61,52,2,False,False
840-51-5625,John Jones,72,1,25236.4,93,3,True,False
300-85-8780,Matthew Swanson,99,0,24270.81,78,3,True,False
857-71-4711,Melissa Hall,50,1,39866.45,18,3,False,True
198-01-2807,Alan Ray,99,0,39609.1,12,1,False,True
511-50-9282,Tina Hernandez,30,0,24447.76,28,2,False,False
141-18-4500,Jeremy Becker,56,1,30294.2,41,2,False,False
717-64-7496,Jesus Zavala,74,0,37086.37,38,1,False,True
708-97-5718,Whitney Brown,68,1,30092.77,7,0,True,True
161-98-9759,Laura Moore,34,0,28057.63,95,3,False,False
119-68-4241,Amber Elliott,39,1,34626.8,14,1,True,True
182-77-1678,Shannon Potter,36,1,37438.2,93,2,False,False
455-60-2531,Jennifer Potter,62,1,33786.59,50,2,True,False
875-88-9147,Chad Walton,52,0,31203.82,75,2,False,False
052-67-4021,James Greene,25,1,35318.68,62,3,False,False
351-33-8061,Cindy Nichols,27,1,28946.78,53,1,True,False
659-46-7956,Edward Roberts,55,1,30609.12,95,2,True,False
622-31-6131,Vanessa Craig,91,1,34033.1,74,3,False,False
658-83-8820,Andrea Hatfield,33,1,28374.68,43,1,False,False
668-55-2738,Samuel Walter,77,0,23057.39,84,2,True,False
361-10-5910,Jason Ho,44,1,23326.85,8,2,False,True
520-67-7036,Corey Madden,54,0,25029.15,40,3,False,False
208-51-2957,Lori Lowe,45,0,32829.6,49,0,False,False
357-62-9634,Caitlyn Daniel,83,0,25229.66,77,0,False,False
519-39-0049,James Johnson,33,1,26224.62,23,2,True,False
245-82-1192,Mackenzie Wright,61,1,25377.53,17,2,False,True
737-02-8324,Robin Greene,42,1,28222.34,43,1,True,False
031-98-5845,Connor Murphy,71,1,35298.11,83,0,True,False
576-51-9394,William Logan,58,0,38029.58,4,0,True,True
215-03-8719,Kelly Monroe,97,0,38605.53,54,1,False,False
250-62-2064,Susan Browning,24,1,32096.4,28,1,True,False
859-25-9565,Jose King,92,0,33798.74,24,3,True,True
349-11-8827,Tanya Henry,72,1,33341.53,39,1,True,False
220-17-3933,Emily Jones,28,1,27956.49,50,0,False,False
420-72-8004,Heather Callahan,63,0,23656.92,60,1,False,False
361-28-7125,Brandon Fletcher,37,0,33356.6,60,0,True,False
748-65-6050,Miss Marilyn Fischer,30,1,28234.52,24,0,False,False
221-59-2162,Mark Garcia,28,1,24639.22,83,0,False,False
123-12-5974,Tara Rodriguez,90,0,22480.21,47,0,True,False
721-87-6608,Mark Obrien,67,0,38704.78,15,3,False,True
436-98-3258,Shannon Hunt,93,0,36480.24,53,2,True,False
369-59-5673,Kyle Dillon,75,1,38414.66,26,2,True,True
178-96-7462,Cynthia Smith,46,1,30216.26,62,2,False,False
725-31-8881,Brandon Howard,64,1,34114.32,37,2,True,False
273-93-8548,Richard Delacruz,80,0,35807.85,86,1,False,False
166-94-1008,Natalie Anderson,89,0,36880.59,14,0,False,True
258-37-0539,Kristen Singh,69,1,33998.59,54,0,False,False
810-80-1666,Robert Huff,65,1,24399.44,29,2,False,False
759-98-6293,Brandon Pham,26,1,21634.95,81,3,True,False
674-04-2874,David Nixon,35,0,38363.09,32,3,True,False
806-88-6547,Rebecca Brandt,70,1,34455.47,22,3,True,True
280-26-2255,Mallory Hancock DDS,30,1,37657.59,6,1,False,True
406-57-5910,David Brown,66,1,26050.54,57,0,False,False
304-37-1307,Lori Jimenez,67,0,32032.79,39,2,True,False
607-28-5019,Thomas Miller,43,0,39267.96,31,3,True,False
734-75-5398,Lisa Bowman,89,1,30968.95,28,1,True,True
857-88-7019,John Gonzalez,46,1,27861.1,9,2,False,True
560-94-2185,Holly May,48,1,34732.21,24,3,False,False
504-14-0201,Joann Rogers,24,0,31006.46,26,1,True,False
384-69-3718,Jennifer Murray,54,1,23505.36,26,2,False,False
244-43-2655,Matthew Nolan,82,1,36757.85,13,3,False,True
357-06-7933,Adam Myers,65,0,28366.27,18,1,True,True
790-44-0352,Danielle Phillips,23,0,36692.31,88,1,False,False
816-17-7855,Ashley Adams,63,1,35105.73,38,2,True,False
621-78-9014,Christine Lynch,63,0,27798.42,8,0,False,True
825-27-1512,Dale Gonzales,55,0,26731.92,54,0,False,False
093-01-3776,Sherry Terry,61,1,35667.73,26,3,True,True
710-47-6595,Michael Thornton,55,0,24357.76,10,0,True,True
615-88-8697,Michelle Mcpherson,34,0,21602.69,71,2,True,False
126-15-2321,Nicole Barrett,72,1,32295.66,13,1,True,True
090-68-6240,Daniel Fleming,98,1,34846.31,38,1,True,True
266-15-4410,Mr. Joseph Rios,70,1,27757.66,15,1,True,True
572-23-1428,Terrance Phillips,93,1,29370.12,85,0,True,False
679-40-5415,Christy Lopez,21,1,28079.75,27,0,True,False
650-27-2088,Christine Lester,89,1,32092.17,79,3,False,False
218-36-4790,Kristin Pruitt,75,1,25582.65,61,3,True,False
276-25-1147,Jonathan Davis,63,1,39956.62,71,2,False,False
337-43-5846,Brittney Olson,44,1,32931.4,74,2,False,False
234-79-9110,Kristina Mclean,90,1,26193.03,2,1,False,True
830-20-0054,Miranda Allen,59,0,35032.28,71,0,True,False
482-70-5375,Annette Morales,52,0,34207.73,63,2,True,False
437-42-6189,Karla Noble,22,0,32878.42,11,1,False,False
331-62-8477,Julia Cameron,76,1,23024.38,91,3,False,False
744-74-9480,Bobby Wang,63,0,29077.09,60,1,True,False
760-09-0386,Aaron Pacheco,79,0,21944.99,56,1,True,False
341-24-4960,Jared Molina,59,0,20036.26,84,0,True,False
441-46-9122,Timothy Burns,53,0,38215.72,72,2,False,False
653-06-7954,Johnny Tran,81,0,38520.16,33,0,True,True
045-57-9127,Tracy Waters,76,0,24598.67,37,0,False,False
899-66-9231,Matthew Williams,77,0,25059.4,84,2,False,False
367-67-8593,Joy Valenzuela,81,1,27728.36,51,3,True,False
865-80-9854,Whitney Tate,61,1,27868.68,48,3,True,False
195-25-8295,Grace Costa,93,0,26324.95,24,3,False,True
365-36-7012,Corey Wiggins,99,0,27489.15,27,2,True,True
655-74-1795,Benjamin Santos,58,1,23424.52,92,0,True,False
199-65-3087,Sherry Miller,66,1,36871.86,27,0,True,True
711-01-2065,Mrs. Marissa Kennedy DDS,62,1,23645.57,7,2,False,True
797-04-9814,Richard Barrera,76,0,23459.44,66,1,False,False
443-05-1857,Rebecca Boone,47,1,36554.36,99,2,True,False
347-20-2980,Michelle Hopkins,82,0,28734.89,28,0,False,True
411-56-6927,Richard White,73,0,35713.25,82,3,True,False
652-17-3651,Brendan Merritt,65,0,30274.84,81,3,True,False
424-54-0777,Mandy Hall,74,0,37421.8,99,0,True,False
245-11-8707,Amy Hall,28,1,37689.92,70,1,True,False
180-01-5408,Stephen Nelson,40,1,28628.8,81,1,False,False
412-33-2382,Susan Hill,95,0,38761.06,78,0,True,False
009-75-0562,Thomas Bruce,55,0,29289.58,70,2,False,False
596-98-3272,Katelyn Luna,35,0,21342.81,24,3,False,False
101-52-6412,Michael Richardson,40,0,30860.21,75,3,True,False
303-24-7768,Alexander Guerra,61,0,31132.65,54,3,True,False
707-42-4869,Jacqueline Robles,60,0,25978.23,70,3,False,False
829-76-2702,Robert Reid,36,1,25823.58,80,3,True,False
009-09-6846,Wendy Allen,78,1,28162.06,37,2,True,False
065-78-0699,Stephen Hill,47,0,24573.8,53,0,False,False
453-20-9625,Gary Huber,78,1,39458.2,67,2,True,False
655-35-1982,Kelly Stone,97,0,38564.16,93,2,True,False
842-47-0805,Vicki May,82,1,39306.33,56,3,False,False
813-45-8784,Belinda Acosta,55,1,39721.77,84,1,False,False
429-35-1515,Catherine Arnold,53,1,32109.63,22,0,True,True
838-99-0621,Steven Smith,72,0,36351.83,7,2,True,True
897-26-9070,Linda Webb,82,0,38397.45,9,2,True,True
046-75-3319,Maria Chang,24,1,31090.76,81,3,True,False
039-68-5102,Samantha Scott,36,0,32840.21,23,2,True,False
450-86-5624,Carlos Williams,30,0,26223.47,20,3,False,False
812-98-6413,Theresa Hunter,52,1,39010.78,89,3,False,False
676-30-5977,Michelle Mccarthy,92,1,29589.72,50,3,True,False
525-09-1763,Sean Chaney,100,0,28748.58,77,1,False,False
450-99-5205,Alan Burke,79,1,36182.86,39,0,True,True
325-28-4123,Shaun Young,60,0,24341.32,59,0,True,False
146-15-4964,Brad Weaver,56,0,22455.44,30,2,False,False
230-08-8508,Dylan Gonzalez,32,0,37943.03,18,0,True,False
476-23-1750,Cindy Patel,86,1,22509.44,29,3,False,False
328-02-1546,Mr. Jeffrey Sanders,30,0,27730.1,99,0,True,False
514-82-7765,Joshua Washington,29,1,23242.7,89,2,False,False
073-68-7348,Mark Bailey,41,1,26086.04,84,1,True,False
429-10-9695,Veronica Woodard MD,31,1,27561.08,39,3,True,False
011-22-3739,Ashley Terry,57,0,31550.73,71,3,True,False
045-50-2721,Daniel Morales,43,0,29685.49,84,0,True,False
642-74-3685,Brandon Phillips,92,0,20549.88,81,0,True,False
514-61-2916,Jessica Kim,74,0,33665.53,47,1,True,False
553-66-3054,Ronnie Larson,47,1,28895.88,17,3,True,True
603-06-6936,Russell Armstrong,77,0,23011.8,78,2,False,False
169-44-8295,Jacob Leach,23,0,30610.77,55,0,False,False
145-02-1050,Martin Campbell,65,0,33138.56,41,1,False,False
873-66-7781,Peter Johnson,72,1,27784.65,25,3,False,True
257-81-8137,Michelle Li,84,0,32606.65,71,2,False,False
684-64-4095,Christopher Peterson,87,1,36222.08,86,0,True,False
888-28-6885,Olivia Hoffman,75,1,35261.6,14,3,False,True
802-24-9448,Amy Nolan,20,1,21182.91,33,2,False,False
662-25-7756,Amanda Rodriguez,74,0,29870.5,53,0,True,False
715-56-3872,Rebecca Johns,23,1,22099.76,53,1,False,False
795-58-3067,Jennifer Mcdaniel,84,0,36850.88,71,3,False,False
364-05-4195,Judith Nguyen,96,0,29358.51,99,0,True,False
256-36-5852,Abigail House,40,0,34478.01,26,1,True,False
888-31-9289,Rachel Mcconnell,63,1,34960.22,25,1,False,True
368-62-3913,Tiffany Glover,91,0,39696.71,48,1,True,True
870-26-8212,Jesus Perkins,52,0,39688.54,62,3,False,False
300-94-2940,Hunter Dodson,40,1,27770.6,98,1,True,False
483-26-0187,Nancy Jones,87,0,37680.4,58,2,False,False
308-84-5057,Vickie Anderson,84,1,25127.43,61,2,False,False
458-25-8057,John Anderson,79,0,26071.37,71,0,False,False
277-03-8482,Stephanie Smith,93,1,30119.59,20,2,True,True
256-91-9291,Aaron Walker,44,0,39209.38,19,3,False,True
519-66-3804,Glenn Cook,64,1,26138.48,100,0,False,False
616-30-4464,Ann Bryan,97,1,27388.84,54,3,True,False
529-90-8611,Krista Barry,79,0,22928.2,94,2,False,False
826-90-8907,Heather Sullivan,57,0,25153.4,86,1,False,False
606-84-6956,Michelle Phillips,62,0,26016.98,82,3,False,False
381-68-7846,Heather Horn,83,1,35657.56,99,0,True,False
031-67-5361,Jordan Roberts,92,1,35216.84,4,2,True,True
015-40-1248,Andrew Santana,100,0,37630.4,84,0,False,False
844-68-3987,Edward Pope,93,0,35761.78,87,0,False,False
659-71-1105,Ryan Kemp,54,0,36573.1,87,2,False,False
200-67-8111,Chad Beck,81,0,38447.9,81,0,False,False
034-88-5916,Rebecca Campbell,96,1,29729.9,87,0,True,False
718-76-5740,Debra Kelly,29,1,36583.38,40,2,False,False
861-42-9461,Gabriel Reed,63,1,35800.06,72,2,True,False
619-02-2216,John Hamilton,76,0,33444.87,13,3,True,True
189-32-9419,Angela Powers,42,0,38139.25,9,1,False,True
383-94-5101,Dr. Jessica Esparza,60,0,30693.93,45,3,True,False
360-70-9736,Theresa Rangel,34,0,22956.7,44,3,True,False
376-35-5306,Trevor Thompson,71,0,28152.02,56,0,True,False
473-17-5877,Brian Burns,78,1,33646.96,4,1,True,True
515-01-9789,Samantha Cobb,49,1,37722.78,15,1,False,True
037-98-4871,Dana Sparks,91,0,23516.74,2,2,True,True
789-84-9280,Kathleen Collier,24,0,29247.32,27,0,True,False
337-24-6977,David Rice,52,1,29597.59,50,0,True,False
872-57-1815,Marcus Davis,48,1,21052.36,59,1,True,False
709-25-2073,Angela Edwards,44,0,31491.09,29,3,True,False
706-60-2621,Taylor Garza,97,0,22582.16,25,3,True,True
002-70-0904,Alexis Johnson,35,0,25133.18,64,1,True,False
068-28-5227,Deborah Carr,26,1,24893.16,74,1,True,False
324-36-4516,Maria Hines,25,1,35526.23,33,3,False,False
246-75-6536,David Williams,100,0,31653.93,56,1,True,False
095-46-7836,Bethany Paul,21,0,20851.03,45,2,True,False
885-33-4718,Priscilla Turner,61,1,20119.82,100,2,True,False
239-66-7093,Sarah Valentine,63,1,22479.69,36,2,True,False
431-64-8665,Lisa Garcia,60,0,23206.15,6,2,True,True
275-28-2257,Michelle Munoz,40,1,27034.31,17,3,False,False
116-68-1883,Steven Chambers,54,1,28563.57,53,0,True,False
851-92-5546,Jillian Delacruz,40,0,24291.02,25,1,True,False
506-10-6525,Eric Wang,55,1,35971.76,22,1,False,True
533-95-8450,Vincent Rangel,47,0,37196.52,93,3,True,False
489-99-9318,Joshua Shields,57,0,26120.33,20,3,True,True
640-22-6747,Paula Thomas,75,1,39399.11,40,3,True,True
459-02-6122,Lisa Mayer,33,0,33711.82,25,2,True,False
729-83-8599,Travis Gibson,45,1,23738.42,47,1,True,False
609-44-7592,Blake Cook,60,1,37954.65,77,3,False,False
602-28-7651,Vickie Wilson,60,0,34816.18,53,1,False,False
804-65-1816,Jenny Gillespie,30,1,31821.07,47,0,False,False
841-75-7068,Charles Scott,51,1,25474.53,100,0,True,False
543-87-5265,Mary Koch,49,1,24001.65,83,1,True,False
803-17-0901,Stacy Rogers,44,1,37248.16,43,0,False,False
060-60-8457,Maria Fields,83,0,37217.7,13,2,True,True
831-25-6915,Jessica Elliott,43,0,37617.12,44,2,False,False
370-86-9391,Larry Kim,44,0,33067.42,19,0,False,True
581-86-4730,Angela Flores,97,1,22031.38,46,0,False,False
880-40-7600,Frank Owens,70,0,30568.96,97,2,True,False
157-73-6004,Kristin Harmon,63,0,35191.9,41,3,True,False
857-43-1144,Cindy Waters,23,1,22621.04,29,1,False,False
119-95-7485,Matthew Figueroa,62,0,25310.54,35,2,True,False
196-12-6682,Anthony Reed,79,1,34547.93,78,1,True,False
893-86-6368,Maria Glover,75,1,22026.17,49,0,True,False
591-29-5618,Kevin Knight,25,0,20656.22,76,0,False,False
483-88-1071,Reginald Martinez,84,0,27671.93,72,1,False,False
571-67-4013,Meghan Golden,91,1,33770.03,89,2,True,False
059-03-9506,Jeffrey Rivas,29,0,34186.71,98,1,False,False
829-78-8366,Anita Marshall,63,1,38868.86,18,1,True,True
144-17-7171,Adrian Robinson,46,1,23119.17,28,2,False,False
234-73-1130,Bailey Mcbride,44,1,23789.95,93,2,False,False
230-45-9715,Linda Parker,35,1,34271.25,12,2,True,True
651-18-6290,Leonard Durham,97,1,22493.55,84,1,True,False
786-79-4768,Jeffrey Adams,81,1,34652.7,16,3,False,True
617-05-6330,Alex Schmidt,52,1,37364.29,92,3,False,False
325-21-3775,Valerie Parks,42,1,35014.74,2,2,False,True
808-07-4980,Vanessa Long,58,1,35506.4,76,2,True,False
196-45-6470,Mr. Derek Carpenter Jr.,43,1,24802.86,4,2,False,True
084-11-7342,David Rivers,60,0,20507.61,87,0,False,False
181-24-2910,Elizabeth Simpson,66,1,24643.75,15,1,False,True
755-26-3429,Cody Brown,70,0,29131.75,23,0,False,True
248-20-7584,Lindsay Holland,23,1,23143.97,49,0,True,False
171-82-7802,Bryan Thompson,20,0,29369.47,74,1,False,False
107-44-7494,Miss Jennifer Smith,98,0,33505.48,74,1,True,False
812-70-5999,Gregory Shaw,83,1,22279.65,42,2,False,False
050-28-2203,Joseph Davis,22,0,25015.89,13,2,False,False
153-38-0141,Jeremy Jackson,76,1,26611.14,82,3,False,False
554-61-7097,Amber Parsons,21,1,31539.34,97,2,True,False
863-30-5928,Mark Day,51,0,38128.28,30,2,False,False
113-73-1786,Timothy Anderson,66,1,21755.94,93,3,False,False
703-63-1834,Jacob Spencer,70,1,32490.79,48,2,False,False
718-16-1755,Brenda Clay,74,1,26888.82,91,3,False,False
743-64-3254,Cathy Ruiz,91,0,33508.15,60,3,True,False
399-83-6093,Garrett Burton,70,1,29568.03,15,3,False,True
822-64-6816,Javier Williams,43,0,36859.55,11,1,True,True
697-99-2523,Kelsey Chapman,58,0,34696.22,61,0,True,False
713-53-5861,Victoria Pineda,34,1,28827.1,46,0,False,False
722-37-6220,Robert Cowan,41,1,30571.09,63,0,False,False
312-77-7102,Aaron Lyons,25,1,32664.42,73,3,False,False
487-36-9974,Christian Haynes,24,1,25622.35,92,0,False,False
326-86-1714,Ashley Henry,55,1,35581.93,90,0,False,False
412-29-5694,Whitney Ruiz,95,1,25898.39,90,0,False,False
021-88-6137,Trevor Valencia,35,0,20228.18,30,0,True,False
353-13-4482,Christine Valentine,97,0,20711.25,30,3,True,False
206-95-8379,Stephen Gibbs,51,0,36949.13,19,2,False,True
437-49-8758,Joshua Long,29,0,28363.97,99,0,False,False
407-13-1912,Kevin Hicks,89,1,23479.52,1,1,True,True
114-62-5611,Rachel Bauer,83,1,27579.43,34,0,False,False
688-90-6324,Marcus Abbott,35,1,36048.29,34,3,True,False
812-50-0945,Brian Hayes,27,0,20104.73,46,3,False,False
295-42-7783,Tammy Mayer,69,0,34169.73,88,0,True,False
763-48-3566,Samantha Salas,77,0,21845.12,43,3,False,False
001-29-2587,Edward Allen,48,1,27252.3,58,0,False,False
277-78-7639,William Decker,65,1,34127.59,6,0,True,True
731-97-9406,Stephanie Alexander,84,0,21824.33,71,2,True,False
057-26-1700,William Roberts,38,1,23053.84,8,2,True,True
642-52-9887,Dr. Julie Decker,25,0,23726.1,66,2,False,False
208-85-6026,Luis Fields,61,1,34801.08,67,2,True,False
291-72-5768,Jordan Black,89,0,23358.82,6,1,False,True
101-34-7360,Andre Rivera,73,0,29488.61,65,3,False,False
348-98-9210,Timothy Sherman,64,1,22530.64,82,2,True,False
221-35-6652,David Harris,100,0,34408.76,50,0,True,False
861-71-6174,Rachel Rivers,92,1,33063.28,2,1,False,True
330-84-6027,James Carter,53,0,31316.37,99,1,True,False
